ma_id_1,ma_id_2,review_id_1,review_id_2,n_shared,n_ma1,n_ma2,jaccard,shared_studies
CD011381__A1,CD012186__A2,CD011381,CD012186,40,44,105,0.367,achiron 1998; advance 2014; affirm 2006; allegro 2012; asclepios i 2020; asclepios ii 2020; assess 2020; become 2009; beyond 2009; bornstein 1987; bravo 2014; camms223 2008; care-ms i 2012; care-ms ii 2012; clarity 2010; combirx 2013; confirm 2012; decide 2015; define 2012; etemadifar 2007; fazekas 1997; freedoms 2010; freedoms ii 2014; gala 2013; golden 2017; goodkin 1991; ifnb ms group 1993; incomin 2002; johnson 1995; lewanska 2002; millefiorini 1997; opera i 2017; opera ii 2017; prisms 1998; radiance 2019; regard 2008; select 2013; sunbeam 2019; tower 2014; transforms 2010
CD011381__A2,CD012186__A2,CD011381,CD012186,40,45,105,0.3636,achiron 1998; advance 2014; affirm 2006; allegro 2012; asclepios i 2020; asclepios ii 2020; assess 2020; become 2009; beyond 2009; bornstein 1987; bravo 2014; camms223 2008; care-ms i 2012; care-ms ii 2012; clarity 2010; combirx 2013; confirm 2012; decide 2015; define 2012; fazekas 1997; freedoms 2010; freedoms ii 2014; gala 2013; golden 2017; goodkin 1991; ifnb ms group 1993; incomin 2002; johnson 1995; millefiorini 1997; mscrg 1996; opera i 2017; opera ii 2017; prisms 1998; radiance 2019; regard 2008; select 2013; sunbeam 2019; temso 2011; tower 2014; transforms 2010
CD011381__A2,CD012186__A1,CD011381,CD012186,32,45,85,0.3265,advance 2014; affirm 2006; allegro 2012; asclepios i 2020; asclepios ii 2020; assess 2020; beyond 2009; bravo 2014; camms223 2008; care-ms i 2012; care-ms ii 2012; clarity 2010; combirx 2013; confirm 2012; decide 2015; define 2012; freedoms 2010; freedoms ii 2014; gala 2013; golden 2017; johnson 1995; mscrg 1996; opera i 2017; opera ii 2017; prisms 1998; radiance 2019; regard 2008; select 2013; sunbeam 2019; temso 2011; tower 2014; transforms 2010
CD011381__A1,CD012186__A1,CD011381,CD012186,31,44,85,0.3163,advance 2014; affirm 2006; allegro 2012; asclepios i 2020; asclepios ii 2020; assess 2020; beyond 2009; bravo 2014; camms223 2008; care-ms i 2012; care-ms ii 2012; clarity 2010; combirx 2013; confirm 2012; decide 2015; define 2012; freedoms 2010; freedoms ii 2014; gala 2013; golden 2017; johnson 1995; lewanska 2002; opera i 2017; opera ii 2017; prisms 1998; radiance 2019; regard 2008; select 2013; sunbeam 2019; tower 2014; transforms 2010
CD011381__A4,CD012186__A2,CD011381,CD012186,27,31,105,0.2477,achiron 1998; affirm 2006; allegro 2012; asclepios i 2020; asclepios ii 2020; beyond 2009; bornstein 1987; bravo 2014; care-ms i 2012; care-ms ii 2012; clarity 2010; confirm 2012; define 2012; fazekas 1997; freedoms 2010; freedoms ii 2014; goodkin 1991; ifnb ms group 1993; incomin 2002; johnson 1995; millefiorini 1997; mscrg 1996; opera i 2017; opera ii 2017; radiance 2019; regard 2008; temso 2011
CD011381__A11,CD012186__A1,CD011381,CD012186,26,28,85,0.2989,advance 2014; affirm 2006; allegro 2012; asclepios ii 2020; beyond 2009; bravo 2014; camms223 2008; care-ms i 2012; care-ms ii 2012; clarity 2010; combirx 2013; confirm 2012; decide 2015; define 2012; freedoms 2010; freedoms ii 2014; gala 2013; mscrg 1996; opera i 2017; opera ii 2017; prisms 1998; radiance 2019; regard 2008; select 2013; tower 2014; transforms 2010
CD011381__A11,CD012186__A2,CD011381,CD012186,26,28,105,0.243,advance 2014; affirm 2006; allegro 2012; asclepios ii 2020; beyond 2009; bravo 2014; camms223 2008; care-ms i 2012; care-ms ii 2012; clarity 2010; combirx 2013; confirm 2012; decide 2015; define 2012; freedoms 2010; freedoms ii 2014; gala 2013; mscrg 1996; opera i 2017; opera ii 2017; prisms 1998; radiance 2019; regard 2008; select 2013; tower 2014; transforms 2010
CD011381__A4,CD012186__A1,CD011381,CD012186,20,31,85,0.2083,affirm 2006; allegro 2012; asclepios i 2020; asclepios ii 2020; beyond 2009; bravo 2014; care-ms i 2012; care-ms ii 2012; clarity 2010; confirm 2012; define 2012; freedoms 2010; freedoms ii 2014; johnson 1995; mscrg 1996; opera i 2017; opera ii 2017; radiance 2019; regard 2008; temso 2011
CD012186__A2,CD015443__A2,CD012186,CD015443,16,105,20,0.1468,arpeggio 2020; ascend 2018; ellison 1989; european study group 1998; expand 2018; goodkin 1995; hommes 2004; impact 2002; informs 2016; leary 2003; nasp 2004; oratorio 2017; pohlau 2007; promess 2017; spectrims 2001; wolinsky 2007
CD012186__A2,CD015443__A10,CD012186,CD015443,13,105,15,0.1215,arpeggio 2020; ascend 2018; ellison 1989; european study group 1998; expand 2018; impact 2002; informs 2016; montalban 2009; nasp 2004; oratorio 2017; pohlau 2007; spectrims 2001; wolinsky 2007
CD013232__A1,CD014965__A1,CD013232,CD014965,12,76,16,0.15,devane 2019; ghanizadeh 2014; ichikawa 2017; loebel 2016; marcus 2009; mccracken 2002; mcdougle 1998; nct00198107; nct00468130; nct01624675; owen 2009; shea 2004
CD012186__A2,CD015443__A1,CD012186,CD015443,12,105,16,0.1101,arpeggio 2020; ascend 2018; expand 2018; goodkin 1995; hommes 2004; impact 2002; informs 2016; nasp 2004; oratorio 2017; pohlau 2007; promess 2017; wolinsky 2007
CD013232__A18,CD014965__A1,CD013232,CD014965,11,18,16,0.4783,ichikawa 2017; loebel 2016; luby 2006; marcus 2009; mccracken 2002; mcdougle 1998; nct00198107; nct00468130; nct01624675; owen 2009; shea 2004
CD011381__A3,CD012186__A2,CD011381,CD012186,11,12,105,0.1038,affirm 2006; assess 2020; camms223 2008; combirx 2013; decide 2015; ifnb ms group 1993; incomin 2002; knobler 1993; select 2013; sunbeam 2019; transforms 2010
CD013232__A9,CD014965__A1,CD013232,CD014965,10,52,16,0.1724,devane 2019; ghanizadeh 2014; ichikawa 2017; loebel 2016; luby 2006; marcus 2009; mccracken 2002; nct01624675; owen 2009; shea 2004
CD013232__A7,CD014965__A1,CD013232,CD014965,10,54,16,0.1667,ghanizadeh 2014; ichikawa 2017; loebel 2016; luby 2006; marcus 2009; mccracken 2002; mcdougle 1998; nct01624675; owen 2009; shea 2004
CD013232__A1,CD014965__A7,CD013232,CD014965,10,76,11,0.1299,devane 2019; ghanizadeh 2014; ichikawa 2017; loebel 2016; marcus 2009; mccracken 2002; mcdougle 1998; nct00198107; owen 2009; shea 2004
CD013232__A12,CD014965__A1,CD013232,CD014965,9,25,16,0.2812,ichikawa 2017; loebel 2016; luby 2006; marcus 2009; mccracken 2002; mcdougle 1998; nct01624675; owen 2009; shea 2004
CD013232__A1,CD014965__A5,CD013232,CD014965,9,76,10,0.1169,devane 2019; ghanizadeh 2014; ichikawa 2017; marcus 2009; mccracken 2002; mcdougle 1998; nct01624675; owen 2009; shea 2004
CD012186__A1,CD015443__A1,CD012186,CD015443,9,85,16,0.0978,arpeggio 2020; ascend 2018; expand 2018; informs 2016; nasp 2004; oratorio 2017; pohlau 2007; promess 2017; wolinsky 2007
CD012186__A1,CD015443__A2,CD012186,CD015443,9,85,20,0.0938,arpeggio 2020; ascend 2018; expand 2018; informs 2016; nasp 2004; oratorio 2017; pohlau 2007; promess 2017; wolinsky 2007
CD012186__A2,CD015443__A4,CD012186,CD015443,9,105,11,0.0841,ascend 2018; expand 2018; goodkin 1995; hommes 2004; impact 2002; montalban 2009; pohlau 2007; promess 2017; wolinsky 2007
CD013232__A19,CD014965__A1,CD013232,CD014965,8,11,16,0.4211,ichikawa 2017; loebel 2016; marcus 2009; mccracken 2002; mcdougle 1998; nct00468130; owen 2009; shea 2004
CD013232__A18,CD014965__A7,CD013232,CD014965,8,18,11,0.381,ichikawa 2017; loebel 2016; marcus 2009; mccracken 2002; mcdougle 1998; nct00198107; owen 2009; shea 2004
CD013232__A9,CD014965__A5,CD013232,CD014965,8,52,10,0.1481,devane 2019; ghanizadeh 2014; ichikawa 2017; marcus 2009; mccracken 2002; nct01624675; owen 2009; shea 2004
CD013232__A9,CD014965__A7,CD013232,CD014965,8,52,11,0.1455,devane 2019; ghanizadeh 2014; ichikawa 2017; loebel 2016; marcus 2009; mccracken 2002; owen 2009; shea 2004
CD013232__A7,CD014965__A5,CD013232,CD014965,8,54,10,0.1429,ghanizadeh 2014; ichikawa 2017; marcus 2009; mccracken 2002; mcdougle 1998; nct01624675; owen 2009; shea 2004
CD013232__A7,CD014965__A7,CD013232,CD014965,8,54,11,0.1404,ghanizadeh 2014; ichikawa 2017; loebel 2016; marcus 2009; mccracken 2002; mcdougle 1998; owen 2009; shea 2004
CD013232__A1,CD014965__A6,CD013232,CD014965,8,76,8,0.1053,devane 2019; ghanizadeh 2014; ichikawa 2017; loebel 2016; marcus 2009; mcdougle 1998; nct00198107; owen 2009
CD011381__A3,CD012186__A1,CD011381,CD012186,8,12,85,0.0899,affirm 2006; assess 2020; camms223 2008; combirx 2013; decide 2015; select 2013; sunbeam 2019; transforms 2010
CD012186__A1,CD015443__A10,CD012186,CD015443,8,85,15,0.087,arpeggio 2020; ascend 2018; expand 2018; informs 2016; nasp 2004; oratorio 2017; pohlau 2007; wolinsky 2007
CD013232__A21,CD014965__A7,CD013232,CD014965,7,10,11,0.5,ichikawa 2017; loebel 2016; marcus 2009; mccracken 2002; mcdougle 1998; owen 2009; shea 2004
CD013232__A19,CD014965__A7,CD013232,CD014965,7,11,11,0.4667,ichikawa 2017; loebel 2016; marcus 2009; mccracken 2002; mcdougle 1998; owen 2009; shea 2004
CD013232__A18,CD014965__A24,CD013232,CD014965,7,18,8,0.3684,ichikawa 2017; loebel 2016; marcus 2009; mccracken 2002; nct00198107; owen 2009; shea 2004
CD013232__A18,CD014965__A25,CD013232,CD014965,7,18,8,0.3684,ichikawa 2017; loebel 2016; marcus 2009; mccracken 2002; nct00198107; owen 2009; shea 2004
CD013232__A18,CD014965__A26,CD013232,CD014965,7,18,8,0.3684,ichikawa 2017; loebel 2016; marcus 2009; mccracken 2002; nct00198107; owen 2009; shea 2004
CD013232__A21,CD014965__A1,CD013232,CD014965,7,10,16,0.3684,ichikawa 2017; loebel 2016; marcus 2009; mccracken 2002; mcdougle 1998; owen 2009; shea 2004
CD013232__A18,CD014965__A5,CD013232,CD014965,7,18,10,0.3333,ichikawa 2017; marcus 2009; mccracken 2002; mcdougle 1998; nct01624675; owen 2009; shea 2004
CD013232__A12,CD014965__A5,CD013232,CD014965,7,25,10,0.25,ichikawa 2017; marcus 2009; mccracken 2002; mcdougle 1998; nct01624675; owen 2009; shea 2004
CD013232__A12,CD014965__A7,CD013232,CD014965,7,25,11,0.2414,ichikawa 2017; loebel 2016; marcus 2009; mccracken 2002; mcdougle 1998; owen 2009; shea 2004
CD013232__A1,CD014965__A24,CD013232,CD014965,7,76,8,0.0909,ichikawa 2017; loebel 2016; marcus 2009; mccracken 2002; nct00198107; owen 2009; shea 2004
CD013232__A1,CD014965__A25,CD013232,CD014965,7,76,8,0.0909,ichikawa 2017; loebel 2016; marcus 2009; mccracken 2002; nct00198107; owen 2009; shea 2004
CD013232__A1,CD014965__A26,CD013232,CD014965,7,76,8,0.0909,ichikawa 2017; loebel 2016; marcus 2009; mccracken 2002; nct00198107; owen 2009; shea 2004
CD011535__A4,CD014741__A4,CD011535,CD014741,7,43,42,0.0897,bachelez 2015; bagel 2012; leonardi 2003; papp 2005; torii 2010; tyring 2006; van de kerkhof 2008
CD013232__A1,CD014965__A2,CD013232,CD014965,7,76,11,0.0875,devane 2019; ghanizadeh 2014; loebel 2016; marcus 2009; mcdougle 1998; nct00198107; nct01624675
CD013232__A1,CD014965__A3,CD013232,CD014965,7,76,11,0.0875,devane 2019; ghanizadeh 2014; loebel 2016; marcus 2009; mcdougle 1998; nct00198107; nct01624675
CD011535__A4,CD014741__A5,CD011535,CD014741,7,43,47,0.0843,bachelez 2015; bagel 2012; leonardi 2003; papp 2005; torii 2010; tyring 2006; van de kerkhof 2008
CD001920__A3,CD016002__A1,CD001920,CD016002,7,130,26,0.047,aravind 2022; duncan 1998; duncan 2003; knox 2018; langhammer 2007; letombe 2010; shin 2011
CD006919__A2,CD012586__A1,CD006919,CD012586,7,27,134,0.0455,chatillon-boissier 2012; frydman 1988; kingsland 1992; san roman 1992; sunkara 2014; van de-helder 1990a; yang 1996
CD001920__A4,CD016002__A1,CD001920,CD016002,7,147,26,0.0422,aravind 2022; duncan 1998; duncan 2003; knox 2018; langhammer 2007; letombe 2010; yang 2006
CD013232__A21,CD014965__A24,CD013232,CD014965,6,10,8,0.5,ichikawa 2017; loebel 2016; marcus 2009; mccracken 2002; owen 2009; shea 2004
CD013232__A21,CD014965__A25,CD013232,CD014965,6,10,8,0.5,ichikawa 2017; loebel 2016; marcus 2009; mccracken 2002; owen 2009; shea 2004
CD013232__A21,CD014965__A26,CD013232,CD014965,6,10,8,0.5,ichikawa 2017; loebel 2016; marcus 2009; mccracken 2002; owen 2009; shea 2004
CD013232__A19,CD014965__A24,CD013232,CD014965,6,11,8,0.4615,ichikawa 2017; loebel 2016; marcus 2009; mccracken 2002; owen 2009; shea 2004
CD013232__A19,CD014965__A25,CD013232,CD014965,6,11,8,0.4615,ichikawa 2017; loebel 2016; marcus 2009; mccracken 2002; owen 2009; shea 2004
CD013232__A19,CD014965__A26,CD013232,CD014965,6,11,8,0.4615,ichikawa 2017; loebel 2016; marcus 2009; mccracken 2002; owen 2009; shea 2004
CD013232__A21,CD014965__A5,CD013232,CD014965,6,10,10,0.4286,ichikawa 2017; marcus 2009; mccracken 2002; mcdougle 1998; owen 2009; shea 2004
CD013232__A19,CD014965__A5,CD013232,CD014965,6,11,10,0.4,ichikawa 2017; marcus 2009; mccracken 2002; mcdougle 1998; owen 2009; shea 2004
CD013232__A18,CD014965__A14,CD013232,CD014965,6,18,8,0.3,ichikawa 2017; loebel 2016; marcus 2009; mccracken 2002; nct00198107; owen 2009
CD013232__A18,CD014965__A6,CD013232,CD014965,6,18,8,0.3,ichikawa 2017; loebel 2016; marcus 2009; mcdougle 1998; nct00198107; owen 2009
CD013232__A18,CD014965__A3,CD013232,CD014965,6,18,11,0.2609,loebel 2016; luby 2006; marcus 2009; mcdougle 1998; nct00198107; nct01624675
CD013232__A12,CD014965__A24,CD013232,CD014965,6,25,8,0.2222,ichikawa 2017; loebel 2016; marcus 2009; mccracken 2002; owen 2009; shea 2004
CD013232__A12,CD014965__A25,CD013232,CD014965,6,25,8,0.2222,ichikawa 2017; loebel 2016; marcus 2009; mccracken 2002; owen 2009; shea 2004
CD013232__A12,CD014965__A26,CD013232,CD014965,6,25,8,0.2222,ichikawa 2017; loebel 2016; marcus 2009; mccracken 2002; owen 2009; shea 2004
CD013232__A9,CD014965__A24,CD013232,CD014965,6,52,8,0.1111,ichikawa 2017; loebel 2016; marcus 2009; mccracken 2002; owen 2009; shea 2004
CD013232__A9,CD014965__A25,CD013232,CD014965,6,52,8,0.1111,ichikawa 2017; loebel 2016; marcus 2009; mccracken 2002; owen 2009; shea 2004
CD013232__A9,CD014965__A26,CD013232,CD014965,6,52,8,0.1111,ichikawa 2017; loebel 2016; marcus 2009; mccracken 2002; owen 2009; shea 2004
CD013232__A9,CD014965__A6,CD013232,CD014965,6,52,8,0.1111,devane 2019; ghanizadeh 2014; ichikawa 2017; loebel 2016; marcus 2009; owen 2009
CD013232__A7,CD014965__A24,CD013232,CD014965,6,54,8,0.1071,ichikawa 2017; loebel 2016; marcus 2009; mccracken 2002; owen 2009; shea 2004
CD013232__A7,CD014965__A25,CD013232,CD014965,6,54,8,0.1071,ichikawa 2017; loebel 2016; marcus 2009; mccracken 2002; owen 2009; shea 2004
CD013232__A7,CD014965__A26,CD013232,CD014965,6,54,8,0.1071,ichikawa 2017; loebel 2016; marcus 2009; mccracken 2002; owen 2009; shea 2004
CD013232__A7,CD014965__A6,CD013232,CD014965,6,54,8,0.1071,ghanizadeh 2014; ichikawa 2017; loebel 2016; marcus 2009; mcdougle 1998; owen 2009
CD013232__A9,CD014965__A3,CD013232,CD014965,6,52,11,0.1053,devane 2019; ghanizadeh 2014; loebel 2016; luby 2006; marcus 2009; nct01624675
CD013232__A14,CD014965__A24,CD013232,CD014965,6,56,8,0.1034,ichikawa 2017; loebel 2016; marcus 2009; mccracken 2002; owen 2009; shea 2004
CD013232__A14,CD014965__A25,CD013232,CD014965,6,56,8,0.1034,ichikawa 2017; loebel 2016; marcus 2009; mccracken 2002; owen 2009; shea 2004
CD013232__A14,CD014965__A26,CD013232,CD014965,6,56,8,0.1034,ichikawa 2017; loebel 2016; marcus 2009; mccracken 2002; owen 2009; shea 2004
CD013232__A7,CD014965__A3,CD013232,CD014965,6,54,11,0.1017,ghanizadeh 2014; loebel 2016; luby 2006; marcus 2009; mcdougle 1998; nct01624675
CD013232__A8,CD014965__A7,CD013232,CD014965,6,55,11,0.1,ghanizadeh 2014; loebel 2016; marcus 2009; mccracken 2002; owen 2009; shea 2004
CD013232__A14,CD014965__A7,CD013232,CD014965,6,56,11,0.0984,ichikawa 2017; loebel 2016; marcus 2009; mccracken 2002; owen 2009; shea 2004
CD013232__A8,CD014965__A1,CD013232,CD014965,6,55,16,0.0923,ghanizadeh 2014; loebel 2016; marcus 2009; mccracken 2002; owen 2009; shea 2004
CD013232__A14,CD014965__A1,CD013232,CD014965,6,56,16,0.0909,ichikawa 2017; loebel 2016; marcus 2009; mccracken 2002; owen 2009; shea 2004
CD013232__A1,CD014965__A4,CD013232,CD014965,6,76,7,0.0779,devane 2019; ghanizadeh 2014; ichikawa 2017; marcus 2009; mccracken 2002; mcdougle 1998
CD013232__A1,CD014965__A14,CD013232,CD014965,6,76,8,0.0769,ichikawa 2017; loebel 2016; marcus 2009; mccracken 2002; nct00198107; owen 2009
CD004307__A2,CD015120__A1,CD004307,CD015120,6,50,46,0.0667,etter 2016; halpern 2015; lasser 2017; tappin 2015; tappin 2022; volpp 2009
CD004307__A1,CD015120__A1,CD004307,CD015120,6,52,46,0.0652,etter 2016; halpern 2015; lasser 2017; tappin 2015; tappin 2022; volpp 2009
CD012186__A2,CD015443__A5,CD012186,CD015443,6,105,7,0.0566,ellison 1989; european study group 1998; expand 2018; impact 2002; nasp 2004; oratorio 2017
CD006919__A4,CD012586__A1,CD006919,CD012586,6,36,134,0.0366,chatillon-boissier 2012; frydman 1988; san roman 1992; sunkara 2014; van de-helder 1990a; yang 1996
CD013232__A21,CD014965__A14,CD013232,CD014965,5,10,8,0.3846,ichikawa 2017; loebel 2016; marcus 2009; mccracken 2002; owen 2009
CD013232__A21,CD014965__A6,CD013232,CD014965,5,10,8,0.3846,ichikawa 2017; loebel 2016; marcus 2009; mcdougle 1998; owen 2009
CD013232__A19,CD014965__A14,CD013232,CD014965,5,11,8,0.3571,ichikawa 2017; loebel 2016; marcus 2009; mccracken 2002; owen 2009
CD013232__A19,CD014965__A6,CD013232,CD014965,5,11,8,0.3571,ichikawa 2017; loebel 2016; marcus 2009; mcdougle 1998; owen 2009
CD013232__A18,CD014965__A13,CD013232,CD014965,5,18,6,0.2632,ichikawa 2017; loebel 2016; marcus 2009; nct01624675; owen 2009
CD013232__A18,CD014965__A2,CD013232,CD014965,5,18,11,0.2083,loebel 2016; marcus 2009; mcdougle 1998; nct00198107; nct01624675
CD013232__A12,CD014965__A13,CD013232,CD014965,5,25,6,0.1923,ichikawa 2017; loebel 2016; marcus 2009; nct01624675; owen 2009
CD013232__A12,CD014965__A14,CD013232,CD014965,5,25,8,0.1786,ichikawa 2017; loebel 2016; marcus 2009; mccracken 2002; owen 2009
CD013232__A12,CD014965__A6,CD013232,CD014965,5,25,8,0.1786,ichikawa 2017; loebel 2016; marcus 2009; mcdougle 1998; owen 2009
CD013232__A12,CD014965__A3,CD013232,CD014965,5,25,11,0.1613,loebel 2016; luby 2006; marcus 2009; mcdougle 1998; nct01624675
CD013232__A9,CD014965__A13,CD013232,CD014965,5,52,6,0.0943,ichikawa 2017; loebel 2016; marcus 2009; nct01624675; owen 2009
CD013232__A9,CD014965__A4,CD013232,CD014965,5,52,7,0.0926,devane 2019; ghanizadeh 2014; ichikawa 2017; marcus 2009; mccracken 2002
CD013232__A7,CD014965__A13,CD013232,CD014965,5,54,6,0.0909,ichikawa 2017; loebel 2016; marcus 2009; nct01624675; owen 2009
CD013232__A9,CD014965__A14,CD013232,CD014965,5,52,8,0.0909,ichikawa 2017; loebel 2016; marcus 2009; mccracken 2002; owen 2009
CD013232__A7,CD014965__A4,CD013232,CD014965,5,54,7,0.0893,ghanizadeh 2014; ichikawa 2017; marcus 2009; mccracken 2002; mcdougle 1998
CD013232__A7,CD014965__A14,CD013232,CD014965,5,54,8,0.0877,ichikawa 2017; loebel 2016; marcus 2009; mccracken 2002; owen 2009
CD013232__A8,CD014965__A24,CD013232,CD014965,5,55,8,0.0862,loebel 2016; marcus 2009; mccracken 2002; owen 2009; shea 2004
CD013232__A8,CD014965__A25,CD013232,CD014965,5,55,8,0.0862,loebel 2016; marcus 2009; mccracken 2002; owen 2009; shea 2004
CD013232__A8,CD014965__A26,CD013232,CD014965,5,55,8,0.0862,loebel 2016; marcus 2009; mccracken 2002; owen 2009; shea 2004
CD013232__A9,CD014965__A2,CD013232,CD014965,5,52,11,0.0862,devane 2019; ghanizadeh 2014; loebel 2016; marcus 2009; nct01624675
CD013232__A14,CD014965__A14,CD013232,CD014965,5,56,8,0.0847,ichikawa 2017; loebel 2016; marcus 2009; mccracken 2002; owen 2009
CD013232__A7,CD014965__A2,CD013232,CD014965,5,54,11,0.0833,ghanizadeh 2014; loebel 2016; marcus 2009; mcdougle 1998; nct01624675
CD013232__A8,CD014965__A5,CD013232,CD014965,5,55,10,0.0833,ghanizadeh 2014; marcus 2009; mccracken 2002; owen 2009; shea 2004
CD013232__A14,CD014965__A5,CD013232,CD014965,5,56,10,0.082,ichikawa 2017; marcus 2009; mccracken 2002; owen 2009; shea 2004
CD013232__A3,CD014965__A5,CD013232,CD014965,5,62,10,0.0746,devane 2019; ghanizadeh 2014; marcus 2009; mccracken 2002; owen 2009
CD013232__A3,CD014965__A7,CD013232,CD014965,5,62,11,0.0735,devane 2019; ghanizadeh 2014; marcus 2009; mccracken 2002; owen 2009
CD013232__A3,CD014965__A1,CD013232,CD014965,5,62,16,0.0685,devane 2019; ghanizadeh 2014; marcus 2009; mccracken 2002; owen 2009
CD013232__A1,CD014965__A13,CD013232,CD014965,5,76,6,0.0649,ichikawa 2017; loebel 2016; marcus 2009; nct01624675; owen 2009
CD012186__A1,CD015443__A4,CD012186,CD015443,5,85,11,0.0549,ascend 2018; expand 2018; pohlau 2007; promess 2017; wolinsky 2007
CD001920__A5,CD016002__A2,CD001920,CD016002,5,94,13,0.049,aravind 2022; duncan 1998; duncan 2003; langhammer 2007; letombe 2010
CD001920__A5,CD016002__A1,CD001920,CD016002,5,94,26,0.0435,aravind 2022; duncan 1998; duncan 2003; langhammer 2007; letombe 2010
CD001920__A1,CD016002__A2,CD001920,CD016002,5,118,13,0.0397,aravind 2022; duncan 1998; duncan 2003; langhammer 2007; letombe 2010
CD001920__A2,CD016002__A2,CD001920,CD016002,5,124,13,0.0379,aravind 2022; duncan 1998; duncan 2003; langhammer 2007; letombe 2010
CD001920__A3,CD016002__A2,CD001920,CD016002,5,130,13,0.0362,aravind 2022; duncan 1998; duncan 2003; langhammer 2007; letombe 2010
CD001920__A1,CD016002__A1,CD001920,CD016002,5,118,26,0.036,aravind 2022; duncan 1998; duncan 2003; langhammer 2007; letombe 2010
CD001920__A3,CD016002__A16,CD001920,CD016002,5,130,16,0.0355,aravind 2022; duncan 1998; knox 2018; richards 1993; shin 2011
CD006919__A7,CD012586__A1,CD006919,CD012586,5,12,134,0.0355,chatillon-boissier 2012; frydman 1988; san roman 1992; sunkara 2014; van de-helder 1990a
CD001920__A2,CD016002__A1,CD001920,CD016002,5,124,26,0.0345,aravind 2022; duncan 1998; duncan 2003; langhammer 2007; letombe 2010
CD006919__A5,CD012586__A1,CD006919,CD012586,5,21,134,0.0333,chatillon-boissier 2012; kingsland 1992; san roman 1992; sunkara 2014; yang 1996
CD001920__A4,CD016002__A2,CD001920,CD016002,5,147,13,0.0323,aravind 2022; duncan 1998; duncan 2003; langhammer 2007; letombe 2010
CD001920__A4,CD016002__A15,CD001920,CD016002,5,147,15,0.0318,aravind 2022; duncan 1998; duncan 2003; knox 2018; yang 2006
CD013232__A19,CD014965__A27,CD013232,CD014965,4,11,4,0.3636,ichikawa 2017; loebel 2016; marcus 2009; nct00468130
CD013232__A21,CD014965__A13,CD013232,CD014965,4,10,6,0.3333,ichikawa 2017; loebel 2016; marcus 2009; owen 2009
CD013232__A19,CD014965__A13,CD013232,CD014965,4,11,6,0.3077,ichikawa 2017; loebel 2016; marcus 2009; owen 2009
CD013232__A21,CD014965__A4,CD013232,CD014965,4,10,7,0.3077,ichikawa 2017; marcus 2009; mccracken 2002; mcdougle 1998
CD013232__A19,CD014965__A4,CD013232,CD014965,4,11,7,0.2857,ichikawa 2017; marcus 2009; mccracken 2002; mcdougle 1998
CD013232__A18,CD014965__A27,CD013232,CD014965,4,18,4,0.2222,ichikawa 2017; loebel 2016; marcus 2009; nct00468130
CD013232__A18,CD014965__A18,CD013232,CD014965,4,18,5,0.2105,marcus 2009; mccracken 2002; nct00198107; owen 2009
CD013232__A18,CD014965__A19,CD013232,CD014965,4,18,5,0.2105,marcus 2009; mccracken 2002; nct00198107; owen 2009
CD013232__A18,CD014965__A15,CD013232,CD014965,4,18,6,0.2,marcus 2009; mccracken 2002; nct00198107; owen 2009
CD013232__A18,CD014965__A4,CD013232,CD014965,4,18,7,0.1905,ichikawa 2017; marcus 2009; mccracken 2002; mcdougle 1998
CD013232__A12,CD014965__A4,CD013232,CD014965,4,25,7,0.1429,ichikawa 2017; marcus 2009; mccracken 2002; mcdougle 1998
CD013232__A12,CD014965__A2,CD013232,CD014965,4,25,11,0.125,loebel 2016; marcus 2009; mcdougle 1998; nct01624675
CD013232__A6,CD014965__A5,CD013232,CD014965,4,27,10,0.1212,devane 2019; ghanizadeh 2014; mccracken 2002; shea 2004
CD013232__A6,CD014965__A7,CD013232,CD014965,4,27,11,0.1176,devane 2019; ghanizadeh 2014; mccracken 2002; shea 2004
CD013232__A6,CD014965__A1,CD013232,CD014965,4,27,16,0.1026,devane 2019; ghanizadeh 2014; mccracken 2002; shea 2004
CD013232__A7,CD014965__A9,CD013232,CD014965,4,54,4,0.0741,ghanizadeh 2014; ichikawa 2017; marcus 2009; mcdougle 1998
CD013232__A14,CD014965__A13,CD013232,CD014965,4,56,6,0.069,ichikawa 2017; loebel 2016; marcus 2009; owen 2009
CD013232__A8,CD014965__A14,CD013232,CD014965,4,55,8,0.0678,loebel 2016; marcus 2009; mccracken 2002; owen 2009
CD013232__A8,CD014965__A6,CD013232,CD014965,4,55,8,0.0678,ghanizadeh 2014; loebel 2016; marcus 2009; owen 2009
CD013232__A14,CD014965__A6,CD013232,CD014965,4,56,8,0.0667,ichikawa 2017; loebel 2016; marcus 2009; owen 2009
CD013232__A16,CD014965__A5,CD013232,CD014965,4,57,10,0.0635,marcus 2009; mccracken 2002; mcdougle 1998; owen 2009
CD013232__A16,CD014965__A7,CD013232,CD014965,4,57,11,0.0625,marcus 2009; mccracken 2002; mcdougle 1998; owen 2009
CD013232__A3,CD014965__A4,CD013232,CD014965,4,62,7,0.0615,devane 2019; ghanizadeh 2014; marcus 2009; mccracken 2002
CD011535__A3,CD014741__A4,CD011535,CD014741,4,28,42,0.0606,bachelez 2015; leonardi 2003; torii 2010; van de kerkhof 2008
CD013232__A3,CD014965__A6,CD013232,CD014965,4,62,8,0.0606,devane 2019; ghanizadeh 2014; marcus 2009; owen 2009
CD011535__A4,CD014741__A3,CD011535,CD014741,4,43,30,0.058,bachelez 2015; bagel 2012; torii 2010; tyring 2006
CD013232__A16,CD014965__A1,CD013232,CD014965,4,57,16,0.058,marcus 2009; mccracken 2002; mcdougle 1998; owen 2009
CD011535__A3,CD014741__A5,CD011535,CD014741,4,28,47,0.0563,bachelez 2015; leonardi 2003; torii 2010; van de kerkhof 2008
CD013232__A1,CD014965__A27,CD013232,CD014965,4,76,4,0.0526,ichikawa 2017; loebel 2016; marcus 2009; nct00468130
CD013232__A1,CD014965__A9,CD013232,CD014965,4,76,4,0.0526,ghanizadeh 2014; ichikawa 2017; marcus 2009; mcdougle 1998
CD013232__A1,CD014965__A18,CD013232,CD014965,4,76,5,0.0519,marcus 2009; mccracken 2002; nct00198107; owen 2009
CD013232__A1,CD014965__A19,CD013232,CD014965,4,76,5,0.0519,marcus 2009; mccracken 2002; nct00198107; owen 2009
CD013232__A1,CD014965__A15,CD013232,CD014965,4,76,6,0.0513,marcus 2009; mccracken 2002; nct00198107; owen 2009
CD001155__A2,CD003376__A2,CD001155,CD003376,4,69,17,0.0488,iwamoto 2005; köşüş 2005; russo 1996; sahota 2000
CD011381__A5,CD012186__A1,CD011381,CD012186,4,4,85,0.0471,camms223 2008; clarity 2010; combirx 2013; decide 2015
CD011381__A10,CD012186__A1,CD011381,CD012186,4,5,85,0.0465,decide 2015; radiance 2019; select 2013; sunbeam 2019
CD011381__A8,CD012186__A1,CD011381,CD012186,4,5,85,0.0465,decide 2015; radiance 2019; select 2013; sunbeam 2019
CD004307__A3,CD015120__A1,CD004307,CD015120,4,46,46,0.0455,etter 2016; halpern 2015; lasser 2017; volpp 2009
CD011381__A5,CD012186__A2,CD011381,CD012186,4,4,105,0.0381,camms223 2008; clarity 2010; combirx 2013; decide 2015
CD011381__A10,CD012186__A2,CD011381,CD012186,4,5,105,0.0377,decide 2015; radiance 2019; select 2013; sunbeam 2019
CD011381__A8,CD012186__A2,CD011381,CD012186,4,5,105,0.0377,decide 2015; radiance 2019; select 2013; sunbeam 2019
CD012186__A2,CD015443__A3,CD012186,CD015443,4,105,5,0.0377,ellison 1989; european study group 1998; informs 2016; nasp 2004
CD001920__A6,CD016002__A2,CD001920,CD016002,4,113,13,0.0328,aravind 2022; duncan 1998; duncan 2003; letombe 2010
CD001920__A6,CD016002__A1,CD001920,CD016002,4,113,26,0.0296,aravind 2022; duncan 1998; duncan 2003; letombe 2010
CD001920__A3,CD016002__A15,CD001920,CD016002,4,130,15,0.0284,aravind 2022; duncan 1998; duncan 2003; knox 2018
CD001920__A4,CD016002__A13,CD001920,CD016002,4,147,13,0.0256,aravind 2022; knox 2018; richards 1993; yang 2006
CD001920__A4,CD016002__A16,CD001920,CD016002,4,147,16,0.0252,aravind 2022; duncan 1998; knox 2018; richards 1993
CD004376__A2,CD006185__A7,CD004376,CD006185,4,123,101,0.0182,chang 2012; kim 2020; lee 2019; lu 2017
CD004376__A2,CD006185__A8,CD004376,CD006185,4,123,101,0.0182,chang 2012; kim 2020; lee 2019; lu 2017
CD004376__A5,CD006185__A7,CD004376,CD006185,4,129,101,0.0177,chang 2012; kim 2020; lee 2019; lu 2017
CD004376__A5,CD006185__A8,CD004376,CD006185,4,129,101,0.0177,chang 2012; kim 2020; lee 2019; lu 2017
CD015134__A1,CD016131__A6,CD015134,CD016131,3,4,6,0.4286,kampmann 2023; madhi 2020; simões 2022
CD015134__A2,CD016131__A6,CD015134,CD016131,3,4,6,0.4286,kampmann 2023; madhi 2020; simões 2022
CD015134__A6,CD016131__A6,CD015134,CD016131,3,4,6,0.4286,kampmann 2023; madhi 2020; simões 2022
CD015134__A3,CD016131__A6,CD015134,CD016131,3,5,6,0.375,kampmann 2023; madhi 2020; simões 2022
CD015134__A5,CD016131__A6,CD015134,CD016131,3,6,6,0.3333,kampmann 2023; madhi 2020; simões 2022
CD015134__A7,CD016131__A6,CD015134,CD016131,3,6,6,0.3333,kampmann 2023; madhi 2020; simões 2022
CD013052__A3,CD013053__A2,CD013052,CD013053,3,9,5,0.2727,de miguel 1999; esposito 1990; ramos 2003
CD013232__A21,CD014965__A20,CD013232,CD014965,3,10,4,0.2727,loebel 2016; marcus 2009; owen 2009
CD013232__A21,CD014965__A27,CD013232,CD014965,3,10,4,0.2727,ichikawa 2017; loebel 2016; marcus 2009
CD013232__A21,CD014965__A9,CD013232,CD014965,3,10,4,0.2727,ichikawa 2017; marcus 2009; mcdougle 1998
CD013052__A3,CD013053__A1,CD013052,CD013053,3,9,6,0.25,de miguel 1999; esposito 1990; ramos 2003
CD013232__A19,CD014965__A20,CD013232,CD014965,3,11,4,0.25,loebel 2016; marcus 2009; owen 2009
CD013232__A19,CD014965__A9,CD013232,CD014965,3,11,4,0.25,ichikawa 2017; marcus 2009; mcdougle 1998
CD013232__A21,CD014965__A18,CD013232,CD014965,3,10,5,0.25,marcus 2009; mccracken 2002; owen 2009
CD013232__A21,CD014965__A19,CD013232,CD014965,3,10,5,0.25,marcus 2009; mccracken 2002; owen 2009
CD013232__A19,CD014965__A18,CD013232,CD014965,3,11,5,0.2308,marcus 2009; mccracken 2002; owen 2009
CD013232__A19,CD014965__A19,CD013232,CD014965,3,11,5,0.2308,marcus 2009; mccracken 2002; owen 2009
CD013232__A21,CD014965__A15,CD013232,CD014965,3,10,6,0.2308,marcus 2009; mccracken 2002; owen 2009
CD007110__A3,CD010533__A1,CD007110,CD010533,3,8,9,0.2143,hd16; hd17; uk ncri rapid
CD013232__A19,CD014965__A15,CD013232,CD014965,3,11,6,0.2143,marcus 2009; mccracken 2002; owen 2009
CD015134__A1,CD016131__A2,CD015134,CD016131,3,4,13,0.2143,kampmann 2023; madhi 2020; simões 2022
CD015134__A2,CD016131__A2,CD015134,CD016131,3,4,13,0.2143,kampmann 2023; madhi 2020; simões 2022
CD015134__A6,CD016131__A2,CD015134,CD016131,3,4,13,0.2143,kampmann 2023; madhi 2020; simões 2022
CD015518__A4,CD015519__A3,CD015518,CD015519,3,13,4,0.2143,piraux 2020; schmidt 2015; segal 2009
CD007110__A1,CD010533__A1,CD007110,CD010533,3,9,9,0.2,hd16; hd17; uk ncri rapid
CD007110__A2,CD010533__A1,CD007110,CD010533,3,9,9,0.2,hd16; hd17; uk ncri rapid
CD007110__A3,CD010533__A2,CD007110,CD010533,3,8,10,0.2,hd16; hd17; uk ncri rapid
CD015134__A1,CD016131__A1,CD015134,CD016131,3,4,14,0.2,kampmann 2023; madhi 2020; simões 2022
CD015134__A2,CD016131__A1,CD015134,CD016131,3,4,14,0.2,kampmann 2023; madhi 2020; simões 2022
CD015134__A3,CD016131__A2,CD015134,CD016131,3,5,13,0.2,kampmann 2023; madhi 2020; simões 2022
CD015134__A6,CD016131__A1,CD015134,CD016131,3,4,14,0.2,kampmann 2023; madhi 2020; simões 2022
CD015518__A4,CD015519__A1,CD015518,CD015519,3,13,5,0.2,piraux 2020; schmidt 2015; segal 2009
CD015518__A4,CD015519__A2,CD015518,CD015519,3,13,5,0.2,piraux 2020; schmidt 2015; segal 2009
CD007110__A1,CD010533__A2,CD007110,CD010533,3,9,10,0.1875,hd16; hd17; uk ncri rapid
CD007110__A2,CD010533__A2,CD007110,CD010533,3,9,10,0.1875,hd16; hd17; uk ncri rapid
CD015134__A3,CD016131__A1,CD015134,CD016131,3,5,14,0.1875,kampmann 2023; madhi 2020; simões 2022
CD015134__A5,CD016131__A2,CD015134,CD016131,3,6,13,0.1875,kampmann 2023; madhi 2020; simões 2022
CD015134__A7,CD016131__A2,CD015134,CD016131,3,6,13,0.1875,kampmann 2023; madhi 2020; simões 2022
CD015518__A1,CD015519__A3,CD015518,CD015519,3,15,4,0.1875,piraux 2020; schmidt 2015; segal 2009
CD015134__A5,CD016131__A1,CD015134,CD016131,3,6,14,0.1765,kampmann 2023; madhi 2020; simões 2022
CD015134__A7,CD016131__A1,CD015134,CD016131,3,6,14,0.1765,kampmann 2023; madhi 2020; simões 2022
CD015518__A1,CD015519__A1,CD015518,CD015519,3,15,5,0.1765,piraux 2020; schmidt 2015; segal 2009
CD015518__A1,CD015519__A2,CD015518,CD015519,3,15,5,0.1765,piraux 2020; schmidt 2015; segal 2009
CD015518__A2,CD015519__A3,CD015518,CD015519,3,16,4,0.1765,piraux 2020; schmidt 2015; segal 2009
CD013232__A21,CD014965__A2,CD013232,CD014965,3,10,11,0.1667,loebel 2016; marcus 2009; mcdougle 1998
CD013232__A21,CD014965__A3,CD013232,CD014965,3,10,11,0.1667,loebel 2016; marcus 2009; mcdougle 1998
CD013232__A18,CD014965__A22,CD013232,CD014965,3,18,3,0.1667,mccracken 2002; nct00198107; owen 2009
CD015518__A2,CD015519__A1,CD015518,CD015519,3,16,5,0.1667,piraux 2020; schmidt 2015; segal 2009
CD015518__A2,CD015519__A2,CD015518,CD015519,3,16,5,0.1667,piraux 2020; schmidt 2015; segal 2009
CD013232__A18,CD014965__A20,CD013232,CD014965,3,18,4,0.1579,loebel 2016; marcus 2009; owen 2009
CD013232__A18,CD014965__A9,CD013232,CD014965,3,18,4,0.1579,ichikawa 2017; marcus 2009; mcdougle 1998
CD013232__A19,CD014965__A2,CD013232,CD014965,3,11,11,0.1579,loebel 2016; marcus 2009; mcdougle 1998
CD013232__A19,CD014965__A3,CD013232,CD014965,3,11,11,0.1579,loebel 2016; marcus 2009; mcdougle 1998
CD013232__A12,CD014965__A20,CD013232,CD014965,3,25,4,0.1154,loebel 2016; marcus 2009; owen 2009
CD013232__A12,CD014965__A27,CD013232,CD014965,3,25,4,0.1154,ichikawa 2017; loebel 2016; marcus 2009
CD013232__A12,CD014965__A9,CD013232,CD014965,3,25,4,0.1154,ichikawa 2017; marcus 2009; mcdougle 1998
CD013232__A12,CD014965__A18,CD013232,CD014965,3,25,5,0.1111,marcus 2009; mccracken 2002; owen 2009
CD013232__A12,CD014965__A19,CD013232,CD014965,3,25,5,0.1111,marcus 2009; mccracken 2002; owen 2009
CD013232__A12,CD014965__A15,CD013232,CD014965,3,25,6,0.1071,marcus 2009; mccracken 2002; owen 2009
CD013232__A6,CD014965__A4,CD013232,CD014965,3,27,7,0.0968,devane 2019; ghanizadeh 2014; mccracken 2002
CD013232__A10,CD014965__A3,CD013232,CD014965,3,26,11,0.0882,devane 2019; ghanizadeh 2014; luby 2006
CD013232__A13,CD014965__A1,CD013232,CD014965,3,26,16,0.0769,mccracken 2002; nct00468130; nct01624675
CD013232__A10,CD014965__A1,CD013232,CD014965,3,26,16,0.0769,devane 2019; ghanizadeh 2014; luby 2006
CD013232__A4,CD014965__A5,CD013232,CD014965,3,35,10,0.0714,devane 2019; ghanizadeh 2014; shea 2004
CD013232__A4,CD014965__A7,CD013232,CD014965,3,35,11,0.0698,devane 2019; ghanizadeh 2014; shea 2004
CD013232__A4,CD014965__A1,CD013232,CD014965,3,35,16,0.0625,devane 2019; ghanizadeh 2014; shea 2004
CD013232__A9,CD014965__A11,CD013232,CD014965,3,52,3,0.0577,ghanizadeh 2014; ichikawa 2017; marcus 2009
CD013232__A9,CD014965__A20,CD013232,CD014965,3,52,4,0.0566,loebel 2016; marcus 2009; owen 2009
CD013232__A9,CD014965__A27,CD013232,CD014965,3,52,4,0.0566,ichikawa 2017; loebel 2016; marcus 2009
CD013232__A9,CD014965__A9,CD013232,CD014965,3,52,4,0.0566,ghanizadeh 2014; ichikawa 2017; marcus 2009
CD011841__A2,CD013763__A11,CD011841,CD013763,3,26,31,0.0556,arora 2019; chen 2020; park 2021
CD013232__A7,CD014965__A11,CD013232,CD014965,3,54,3,0.0556,ghanizadeh 2014; ichikawa 2017; marcus 2009
CD013232__A9,CD014965__A18,CD013232,CD014965,3,52,5,0.0556,marcus 2009; mccracken 2002; owen 2009
CD013232__A9,CD014965__A19,CD013232,CD014965,3,52,5,0.0556,marcus 2009; mccracken 2002; owen 2009
CD013232__A7,CD014965__A20,CD013232,CD014965,3,54,4,0.0545,loebel 2016; marcus 2009; owen 2009
CD013232__A7,CD014965__A27,CD013232,CD014965,3,54,4,0.0545,ichikawa 2017; loebel 2016; marcus 2009
CD013232__A9,CD014965__A15,CD013232,CD014965,3,52,6,0.0545,marcus 2009; mccracken 2002; owen 2009
CD013232__A7,CD014965__A18,CD013232,CD014965,3,54,5,0.0536,marcus 2009; mccracken 2002; owen 2009
CD013232__A7,CD014965__A19,CD013232,CD014965,3,54,5,0.0536,marcus 2009; mccracken 2002; owen 2009
CD013232__A8,CD014965__A20,CD013232,CD014965,3,55,4,0.0536,loebel 2016; marcus 2009; owen 2009
CD013232__A14,CD014965__A20,CD013232,CD014965,3,56,4,0.0526,loebel 2016; marcus 2009; owen 2009
CD013232__A14,CD014965__A27,CD013232,CD014965,3,56,4,0.0526,ichikawa 2017; loebel 2016; marcus 2009
CD013232__A7,CD014965__A15,CD013232,CD014965,3,54,6,0.0526,marcus 2009; mccracken 2002; owen 2009
CD013232__A8,CD014965__A18,CD013232,CD014965,3,55,5,0.0526,marcus 2009; mccracken 2002; owen 2009
CD013232__A8,CD014965__A19,CD013232,CD014965,3,55,5,0.0526,marcus 2009; mccracken 2002; owen 2009
CD013232__A14,CD014965__A18,CD013232,CD014965,3,56,5,0.0517,marcus 2009; mccracken 2002; owen 2009
CD013232__A14,CD014965__A19,CD013232,CD014965,3,56,5,0.0517,marcus 2009; mccracken 2002; owen 2009
CD013232__A8,CD014965__A13,CD013232,CD014965,3,55,6,0.0517,loebel 2016; marcus 2009; owen 2009
CD013232__A8,CD014965__A15,CD013232,CD014965,3,55,6,0.0517,marcus 2009; mccracken 2002; owen 2009
CD013614__A17,CD014741__A4,CD013614,CD014741,3,20,42,0.0508,mease 2000; mease 2004; torii 2010
CD013232__A14,CD014965__A15,CD013232,CD014965,3,56,6,0.0508,marcus 2009; mccracken 2002; owen 2009
CD013232__A16,CD014965__A18,CD013232,CD014965,3,57,5,0.0508,marcus 2009; mccracken 2002; owen 2009
CD013232__A16,CD014965__A19,CD013232,CD014965,3,57,5,0.0508,marcus 2009; mccracken 2002; owen 2009
CD013232__A8,CD014965__A4,CD013232,CD014965,3,55,7,0.0508,ghanizadeh 2014; marcus 2009; mccracken 2002
CD013232__A14,CD014965__A4,CD013232,CD014965,3,56,7,0.05,ichikawa 2017; marcus 2009; mccracken 2002
CD013232__A16,CD014965__A15,CD013232,CD014965,3,57,6,0.05,marcus 2009; mccracken 2002; owen 2009
CD011841__A1,CD013763__A11,CD011841,CD013763,3,33,31,0.0492,arora 2019; chen 2020; park 2021
CD013232__A16,CD014965__A4,CD013232,CD014965,3,57,7,0.0492,marcus 2009; mccracken 2002; mcdougle 1998
CD013232__A16,CD014965__A14,CD013232,CD014965,3,57,8,0.0484,marcus 2009; mccracken 2002; owen 2009
CD013232__A16,CD014965__A24,CD013232,CD014965,3,57,8,0.0484,marcus 2009; mccracken 2002; owen 2009
CD013232__A16,CD014965__A25,CD013232,CD014965,3,57,8,0.0484,marcus 2009; mccracken 2002; owen 2009
CD013232__A16,CD014965__A26,CD013232,CD014965,3,57,8,0.0484,marcus 2009; mccracken 2002; owen 2009
CD013232__A16,CD014965__A6,CD013232,CD014965,3,57,8,0.0484,marcus 2009; mcdougle 1998; owen 2009
CD013232__A8,CD014965__A2,CD013232,CD014965,3,55,11,0.0476,ghanizadeh 2014; loebel 2016; marcus 2009
CD013232__A8,CD014965__A3,CD013232,CD014965,3,55,11,0.0476,ghanizadeh 2014; loebel 2016; marcus 2009
CD013614__A17,CD014741__A5,CD013614,CD014741,3,20,47,0.0469,mease 2000; mease 2004; torii 2010
CD013232__A3,CD014965__A18,CD013232,CD014965,3,62,5,0.0469,marcus 2009; mccracken 2002; owen 2009
CD013232__A3,CD014965__A19,CD013232,CD014965,3,62,5,0.0469,marcus 2009; mccracken 2002; owen 2009
CD013232__A3,CD014965__A15,CD013232,CD014965,3,62,6,0.0462,marcus 2009; mccracken 2002; owen 2009
CD013232__A3,CD014965__A14,CD013232,CD014965,3,62,8,0.0448,marcus 2009; mccracken 2002; owen 2009
CD013232__A3,CD014965__A24,CD013232,CD014965,3,62,8,0.0448,marcus 2009; mccracken 2002; owen 2009
CD013232__A3,CD014965__A25,CD013232,CD014965,3,62,8,0.0448,marcus 2009; mccracken 2002; owen 2009
CD013232__A3,CD014965__A26,CD013232,CD014965,3,62,8,0.0448,marcus 2009; mccracken 2002; owen 2009
CD015014__A18,CD016064__A1,CD015014,CD016064,3,4,68,0.0435,man 2020; neyens 2009; rubenstein 1990
CD013232__A3,CD014965__A2,CD013232,CD014965,3,62,11,0.0429,devane 2019; ghanizadeh 2014; marcus 2009
CD013232__A3,CD014965__A3,CD013232,CD014965,3,62,11,0.0429,devane 2019; ghanizadeh 2014; marcus 2009
CD010216__A1,CD015120__A1,CD010216,CD015120,3,31,46,0.0405,hajek 2019; martinez 2021; walker 2020
CD013232__A1,CD014965__A11,CD013232,CD014965,3,76,3,0.0395,ghanizadeh 2014; ichikawa 2017; marcus 2009
CD013232__A1,CD014965__A22,CD013232,CD014965,3,76,3,0.0395,mccracken 2002; nct00198107; owen 2009
CD002290__A1,CD003594__A1,CD002290,CD003594,3,55,25,0.039,iskdc 1970; iskdc 1974; ravani 2020
CD013232__A1,CD014965__A20,CD013232,CD014965,3,76,4,0.039,loebel 2016; marcus 2009; owen 2009
CD013232__A1,CD014965__A8,CD013232,CD014965,3,76,4,0.039,devane 2019; ghanizadeh 2014; mcdougle 1998
CD012186__A1,CD015443__A5,CD012186,CD015443,3,85,7,0.0337,expand 2018; nasp 2004; oratorio 2017
CD001920__A5,CD016002__A15,CD001920,CD016002,3,94,15,0.0283,aravind 2022; duncan 1998; duncan 2003
CD001431__A4,CD013822__A4,CD001431,CD013822,3,104,6,0.028,mathieu 2007; mathieu 2010; schapira 2019
CD001431__A4,CD013822__A5,CD001431,CD013822,3,104,7,0.0278,mathieu 2007; mathieu 2010; roberto 2020
CD001920__A6,CD016002__A15,CD001920,CD016002,3,113,15,0.024,aravind 2022; duncan 1998; duncan 2003
CD001920__A1,CD016002__A15,CD001920,CD016002,3,118,15,0.0231,aravind 2022; duncan 1998; duncan 2003
CD001920__A1,CD016002__A16,CD001920,CD016002,3,118,16,0.0229,aravind 2022; duncan 1998; richards 1993
CD001920__A2,CD016002__A15,CD001920,CD016002,3,124,15,0.0221,aravind 2022; duncan 1998; duncan 2003
CD001920__A2,CD016002__A16,CD001920,CD016002,3,124,16,0.0219,aravind 2022; duncan 1998; richards 1993
CD012586__A1,CD013827__A12,CD012586,CD013827,3,134,8,0.0216,begueria 2019; giles 2021; yu 2018
CD001920__A3,CD016002__A13,CD001920,CD016002,3,130,13,0.0214,aravind 2022; knox 2018; richards 1993
CD012586__A1,CD013827__A11,CD012586,CD013827,3,134,10,0.0213,begueria 2019; giles 2021; yu 2018
CD012586__A1,CD013827__A2,CD012586,CD013827,3,134,10,0.0213,begueria 2019; giles 2021; yu 2018
CD012586__A1,CD013827__A9,CD012586,CD013827,3,134,11,0.0211,begueria 2019; giles 2021; yu 2018
CD012586__A1,CD013827__A10,CD012586,CD013827,3,134,12,0.021,begueria 2019; giles 2021; yu 2018
CD012586__A1,CD013827__A8,CD012586,CD013827,3,134,12,0.021,begueria 2019; giles 2021; yu 2018
CD006919__A1,CD012586__A1,CD006919,CD012586,3,14,134,0.0207,chatillon-boissier 2012; kingsland 1992; sunkara 2014
CD006919__A6,CD012586__A1,CD006919,CD012586,3,14,134,0.0207,chatillon-boissier 2012; sunkara 2014; yang 1996
CD001920__A4,CD016001__A14,CD001920,CD016001,3,147,9,0.0196,knox 2018; park 2021; signal 2014
CD006919__A3,CD012586__A1,CD006919,CD012586,3,26,134,0.0191,chatillon-boissier 2012; kingsland 1992; sunkara 2014
CD001431__A2,CD013822__A4,CD001431,CD013822,3,161,6,0.0183,mathieu 2007; mathieu 2010; schapira 2019
CD001431__A2,CD013822__A5,CD001431,CD013822,3,161,7,0.0182,mathieu 2007; mathieu 2010; roberto 2020
CD001920__A4,CD016001__A1,CD001920,CD016001,3,147,24,0.0179,knox 2018; park 2021; signal 2014
CD001920__A4,CD008349__A10,CD001920,CD008349,3,147,25,0.0178,kim 2012a; park 2021; song 2015
CD001431__A3,CD013822__A4,CD001431,CD013822,3,167,6,0.0176,mathieu 2007; mathieu 2010; schapira 2019
CD001431__A3,CD013822__A5,CD001431,CD013822,3,167,7,0.0175,mathieu 2007; mathieu 2010; roberto 2020
CD001431__A1,CD013822__A4,CD001431,CD013822,3,170,6,0.0173,mathieu 2007; mathieu 2010; schapira 2019
CD001431__A1,CD013822__A5,CD001431,CD013822,3,170,7,0.0172,mathieu 2007; mathieu 2010; roberto 2020
CD004376__A4,CD006185__A7,CD004376,CD006185,3,86,101,0.0163,kim 2020; lee 2019; lu 2017
CD004376__A4,CD006185__A8,CD004376,CD006185,3,86,101,0.0163,kim 2020; lee 2019; lu 2017
CD004376__A1,CD006185__A7,CD004376,CD006185,3,133,101,0.013,chang 2012; lee 2019; lu 2017
CD004376__A1,CD006185__A8,CD004376,CD006185,3,133,101,0.013,chang 2012; lee 2019; lu 2017
CD015530__A2,CD015551__A4,CD015530,CD015551,2,2,4,0.5,mullane 2019; thomas 2022
CD015530__A2,CD015551__A1,CD015530,CD015551,2,2,5,0.4,mullane 2019; thomas 2022
CD015530__A3,CD015551__A4,CD015530,CD015551,2,3,4,0.4,mullane 2019; thomas 2022
CD015215__A13,CD015252__A5,CD015215,CD015252,2,4,4,0.3333,dempster 1993; gates 1989
CD015530__A2,CD015551__A2,CD015530,CD015551,2,2,6,0.3333,mullane 2019; thomas 2022
CD015530__A2,CD015551__A3,CD015530,CD015551,2,2,6,0.3333,mullane 2019; thomas 2022
CD015530__A3,CD015551__A1,CD015530,CD015551,2,3,5,0.3333,mullane 2019; thomas 2022
CD012712__A19,CD013827__A13,CD012712,CD013827,2,7,2,0.2857,chen 2019; zhu 2021
CD012067__A12,CD013414__A6,CD012067,CD013414,2,6,3,0.2857,brosnahan 2022; tame-pkd 2018
CD012067__A13,CD013414__A6,CD012067,CD013414,2,6,3,0.2857,brosnahan 2022; tame-pkd 2018
CD015134__A4,CD016131__A6,CD015134,CD016131,2,3,6,0.2857,kampmann 2023; simões 2022
CD015215__A12,CD015252__A5,CD015215,CD015252,2,5,4,0.2857,dempster 1993; gates 1989
CD015215__A13,CD015252__A2,CD015215,CD015252,2,4,5,0.2857,dempster 1993; gates 1989
CD015530__A1,CD015551__A4,CD015530,CD015551,2,5,4,0.2857,mullane 2019; thomas 2022
CD015530__A3,CD015551__A2,CD015530,CD015551,2,3,6,0.2857,mullane 2019; thomas 2022
CD015530__A3,CD015551__A3,CD015530,CD015551,2,3,6,0.2857,mullane 2019; thomas 2022
CD012214__A1,CD013111__A1,CD012214,CD013111,2,7,3,0.25,shan 2014; yang 2020
CD012214__A1,CD013111__A2,CD012214,CD013111,2,7,3,0.25,shan 2014; yang 2020
CD012214__A1,CD013111__A3,CD012214,CD013111,2,7,3,0.25,shan 2014; yang 2020
CD012067__A14,CD013414__A6,CD012067,CD013414,2,7,3,0.25,brosnahan 2022; tame-pkd 2018
CD013053__A2,CD013054__A3,CD013053,CD013054,2,5,5,0.25,de miguel 1999; ramos 2003
CD015215__A12,CD015252__A2,CD015215,CD015252,2,5,5,0.25,dempster 1993; gates 1989
CD015215__A13,CD015252__A3,CD015215,CD015252,2,4,6,0.25,dempster 1993; gates 1989
CD015530__A1,CD015551__A1,CD015530,CD015551,2,5,5,0.25,mullane 2019; thomas 2022
CD001552__A4,CD015101__A2,CD001552,CD015101,2,7,4,0.2222,hui 2005; ucan 2006
CD012214__A1,CD013111__A4,CD012214,CD013111,2,7,4,0.2222,shan 2014; yang 2020
CD012067__A12,CD013414__A2,CD012067,CD013414,2,6,5,0.2222,brosnahan 2022; tame-pkd 2018
CD012067__A12,CD013414__A8,CD012067,CD013414,2,6,5,0.2222,brosnahan 2022; tame-pkd 2018
CD012067__A13,CD013414__A2,CD012067,CD013414,2,6,5,0.2222,brosnahan 2022; tame-pkd 2018
CD012067__A13,CD013414__A8,CD012067,CD013414,2,6,5,0.2222,brosnahan 2022; tame-pkd 2018
CD013051__A2,CD013053__A2,CD013051,CD013053,2,6,5,0.2222,esposito 1990; ramos 2003
CD013051__A2,CD013054__A3,CD013051,CD013054,2,6,5,0.2222,kaygusuz 2002; ramos 2003
CD013053__A1,CD013054__A3,CD013053,CD013054,2,6,5,0.2222,de miguel 1999; ramos 2003
CD015215__A12,CD015252__A3,CD015215,CD015252,2,5,6,0.2222,dempster 1993; gates 1989
CD015215__A13,CD015252__A4,CD015215,CD015252,2,4,7,0.2222,dempster 1993; gates 1989
CD015530__A1,CD015551__A2,CD015530,CD015551,2,5,6,0.2222,mullane 2019; thomas 2022
CD015530__A1,CD015551__A3,CD015530,CD015551,2,5,6,0.2222,mullane 2019; thomas 2022
CD001552__A4,CD015101__A1,CD001552,CD015101,2,7,5,0.2,hui 2005; ucan 2006
CD012712__A12,CD013827__A13,CD012712,CD013827,2,10,2,0.2,chen 2019; zhu 2021
CD012067__A12,CD013414__A4,CD012067,CD013414,2,6,6,0.2,brosnahan 2022; tame-pkd 2018
CD012067__A13,CD013414__A4,CD012067,CD013414,2,6,6,0.2,brosnahan 2022; tame-pkd 2018
CD012067__A14,CD013414__A2,CD012067,CD013414,2,7,5,0.2,brosnahan 2022; tame-pkd 2018
CD012067__A14,CD013414__A8,CD012067,CD013414,2,7,5,0.2,brosnahan 2022; tame-pkd 2018
CD013051__A2,CD013053__A1,CD013051,CD013053,2,6,6,0.2,esposito 1990; ramos 2003
CD013052__A2,CD013053__A2,CD013052,CD013053,2,7,5,0.2,de miguel 1999; esposito 1990
CD013232__A21,CD014965__A12,CD013232,CD014965,2,10,2,0.2,loebel 2016; owen 2009
CD015215__A12,CD015252__A4,CD015215,CD015252,2,5,7,0.2,dempster 1993; gates 1989
CD001552__A3,CD015101__A2,CD001552,CD015101,2,9,4,0.1818,hui 2005; ucan 2006
CD012067__A12,CD013414__A1,CD012067,CD013414,2,6,7,0.1818,brosnahan 2022; tame-pkd 2018
CD012067__A13,CD013414__A1,CD012067,CD013414,2,6,7,0.1818,brosnahan 2022; tame-pkd 2018
CD012067__A14,CD013414__A4,CD012067,CD013414,2,7,6,0.1818,brosnahan 2022; tame-pkd 2018
CD013052__A2,CD013053__A1,CD013052,CD013053,2,7,6,0.1818,de miguel 1999; esposito 1990
CD013053__A2,CD013054__A7,CD013053,CD013054,2,5,8,0.1818,de miguel 1999; ramos 2003
CD013232__A21,CD014965__A11,CD013232,CD014965,2,10,3,0.1818,ichikawa 2017; marcus 2009
CD013232__A21,CD014965__A22,CD013232,CD014965,2,10,3,0.1818,mccracken 2002; owen 2009
CD013232__A19,CD014965__A12,CD013232,CD014965,2,11,2,0.1818,loebel 2016; owen 2009
CD015215__A2,CD015252__A2,CD015215,CD015252,2,8,5,0.1818,dempster 1993; maw 1983
CD015254__A7,CD015255__A14,CD015254,CD015255,2,9,4,0.1818,podoshin 1990; puhakka 1985
CD015254__A7,CD015255__A15,CD015254,CD015255,2,9,4,0.1818,podoshin 1990; puhakka 1985
CD015254__A8,CD015255__A14,CD015254,CD015255,2,9,4,0.1818,podoshin 1990; puhakka 1985
CD015254__A8,CD015255__A15,CD015254,CD015255,2,9,4,0.1818,podoshin 1990; puhakka 1985
CD015254__A9,CD015255__A14,CD015254,CD015255,2,9,4,0.1818,podoshin 1990; puhakka 1985
CD015254__A9,CD015255__A15,CD015254,CD015255,2,9,4,0.1818,podoshin 1990; puhakka 1985
CD001552__A3,CD015101__A1,CD001552,CD015101,2,9,5,0.1667,hui 2005; ucan 2006
CD007110__A3,CD010533__A4,CD007110,CD010533,2,8,6,0.1667,hd16; hd17
CD012067__A14,CD013414__A1,CD012067,CD013414,2,7,7,0.1667,brosnahan 2022; tame-pkd 2018
CD013052__A3,CD013054__A3,CD013052,CD013054,2,9,5,0.1667,de miguel 1999; ramos 2003
CD013053__A1,CD013054__A7,CD013053,CD013054,2,6,8,0.1667,de miguel 1999; ramos 2003
CD013232__A19,CD014965__A11,CD013232,CD014965,2,11,3,0.1667,ichikawa 2017; marcus 2009
CD013232__A19,CD014965__A22,CD013232,CD014965,2,11,3,0.1667,mccracken 2002; owen 2009
CD015215__A2,CD015252__A3,CD015215,CD015252,2,8,6,0.1667,dempster 1993; maw 1983
CD015215__A4,CD015252__A2,CD015215,CD015252,2,9,5,0.1667,dempster 1993; maw 1983
CD015215__A5,CD015252__A2,CD015215,CD015252,2,9,5,0.1667,dempster 1993; maw 1983
CD015254__A6,CD015255__A14,CD015254,CD015255,2,10,4,0.1667,podoshin 1990; puhakka 1985
CD015254__A6,CD015255__A15,CD015254,CD015255,2,10,4,0.1667,podoshin 1990; puhakka 1985
CD015254__A7,CD015255__A13,CD015254,CD015255,2,9,5,0.1667,podoshin 1990; puhakka 1985
CD015254__A8,CD015255__A13,CD015254,CD015255,2,9,5,0.1667,podoshin 1990; puhakka 1985
CD015254__A9,CD015255__A13,CD015254,CD015255,2,9,5,0.1667,podoshin 1990; puhakka 1985
CD001552__A2,CD015101__A2,CD001552,CD015101,2,11,4,0.1538,hui 2005; ucan 2006
CD007110__A1,CD010533__A4,CD007110,CD010533,2,9,6,0.1538,hd16; hd17
CD007110__A2,CD010533__A4,CD007110,CD010533,2,9,6,0.1538,hd16; hd17
CD013051__A2,CD013052__A3,CD013051,CD013052,2,6,9,0.1538,esposito 1990; ramos 2003
CD015134__A1,CD016131__A3,CD015134,CD016131,2,4,11,0.1538,kampmann 2023; madhi 2020
CD015134__A1,CD016131__A4,CD015134,CD016131,2,4,11,0.1538,kampmann 2023; madhi 2020
CD015134__A2,CD016131__A3,CD015134,CD016131,2,4,11,0.1538,kampmann 2023; madhi 2020
CD015134__A2,CD016131__A4,CD015134,CD016131,2,4,11,0.1538,kampmann 2023; madhi 2020
CD015134__A6,CD016131__A3,CD015134,CD016131,2,4,11,0.1538,kampmann 2023; madhi 2020
CD015134__A6,CD016131__A4,CD015134,CD016131,2,4,11,0.1538,kampmann 2023; madhi 2020
CD015215__A4,CD015252__A3,CD015215,CD015252,2,9,6,0.1538,dempster 1993; maw 1983
CD015215__A5,CD015252__A3,CD015215,CD015252,2,9,6,0.1538,dempster 1993; maw 1983
CD015254__A6,CD015255__A13,CD015254,CD015255,2,10,5,0.1538,podoshin 1990; puhakka 1985
CD015254__A7,CD015255__A12,CD015254,CD015255,2,9,6,0.1538,podoshin 1990; puhakka 1985
CD015254__A8,CD015255__A12,CD015254,CD015255,2,9,6,0.1538,podoshin 1990; puhakka 1985
CD015254__A9,CD015255__A12,CD015254,CD015255,2,9,6,0.1538,podoshin 1990; puhakka 1985
CD015518__A4,CD015519__A9,CD015518,CD015519,2,13,2,0.1538,piraux 2020; segal 2009
CD001552__A2,CD015101__A1,CD001552,CD015101,2,11,5,0.1429,hui 2005; ucan 2006
CD007110__A3,CD010533__A3,CD007110,CD010533,2,8,8,0.1429,hd16; hd17
CD012712__A1,CD013827__A13,CD012712,CD013827,2,14,2,0.1429,chen 2019; zhu 2021
CD012712__A3,CD013827__A13,CD012712,CD013827,2,14,2,0.1429,chen 2019; zhu 2021
CD012067__A8,CD013414__A6,CD012067,CD013414,2,13,3,0.1429,brosnahan 2022; tame-pkd 2018
CD013051__A2,CD013054__A2,CD013051,CD013054,2,6,10,0.1429,kaygusuz 2002; ramos 2003
CD015134__A1,CD016131__A5,CD015134,CD016131,2,4,12,0.1429,kampmann 2023; madhi 2020
CD015134__A2,CD016131__A5,CD015134,CD016131,2,4,12,0.1429,kampmann 2023; madhi 2020
CD015134__A3,CD016131__A3,CD015134,CD016131,2,5,11,0.1429,kampmann 2023; madhi 2020
CD015134__A3,CD016131__A4,CD015134,CD016131,2,5,11,0.1429,kampmann 2023; madhi 2020
CD015134__A6,CD016131__A5,CD015134,CD016131,2,4,12,0.1429,kampmann 2023; madhi 2020
CD015134__A4,CD016131__A2,CD015134,CD016131,2,3,13,0.1429,kampmann 2023; simões 2022
CD015254__A6,CD015255__A12,CD015254,CD015255,2,10,6,0.1429,podoshin 1990; puhakka 1985
CD000219__A2,CD004417__A3,CD000219,CD004417,2,11,6,0.1333,little 2001; spiro 2006
CD007110__A1,CD010533__A3,CD007110,CD010533,2,9,8,0.1333,hd16; hd17
CD007110__A2,CD010533__A3,CD007110,CD010533,2,9,8,0.1333,hd16; hd17
CD012712__A19,CD013827__A11,CD012712,CD013827,2,7,10,0.1333,chen 2019; zhu 2021
CD012712__A19,CD013827__A7,CD012712,CD013827,2,7,10,0.1333,chen 2019; zhu 2021
CD013051__A1,CD013053__A2,CD013051,CD013053,2,12,5,0.1333,esposito 1990; ramos 2003
CD013051__A1,CD013054__A3,CD013051,CD013054,2,12,5,0.1333,kaygusuz 2002; ramos 2003
CD013052__A3,CD013054__A7,CD013052,CD013054,2,9,8,0.1333,de miguel 1999; ramos 2003
CD015134__A3,CD016131__A5,CD015134,CD016131,2,5,12,0.1333,kampmann 2023; madhi 2020
CD015134__A5,CD016131__A3,CD015134,CD016131,2,6,11,0.1333,kampmann 2023; madhi 2020
CD015134__A5,CD016131__A4,CD015134,CD016131,2,6,11,0.1333,kampmann 2023; madhi 2020
CD015134__A7,CD016131__A3,CD015134,CD016131,2,6,11,0.1333,kampmann 2023; madhi 2020
CD015134__A7,CD016131__A4,CD015134,CD016131,2,6,11,0.1333,kampmann 2023; madhi 2020
CD015134__A4,CD016131__A1,CD015134,CD016131,2,3,14,0.1333,kampmann 2023; simões 2022
CD015518__A1,CD015519__A9,CD015518,CD015519,2,15,2,0.1333,piraux 2020; segal 2009
CD012712__A19,CD013827__A9,CD012712,CD013827,2,7,11,0.125,chen 2019; zhu 2021
CD012067__A8,CD013414__A2,CD012067,CD013414,2,13,5,0.125,brosnahan 2022; tame-pkd 2018
CD012067__A8,CD013414__A8,CD012067,CD013414,2,13,5,0.125,brosnahan 2022; tame-pkd 2018
CD013051__A1,CD013053__A1,CD013051,CD013053,2,12,6,0.125,esposito 1990; ramos 2003
CD015134__A5,CD016131__A5,CD015134,CD016131,2,6,12,0.125,kampmann 2023; madhi 2020
CD015134__A7,CD016131__A5,CD015134,CD016131,2,6,12,0.125,kampmann 2023; madhi 2020
CD015518__A2,CD015519__A9,CD015518,CD015519,2,16,2,0.125,piraux 2020; segal 2009
CD012712__A19,CD013827__A10,CD012712,CD013827,2,7,12,0.1176,chen 2019; zhu 2021
CD012712__A19,CD013827__A8,CD012712,CD013827,2,7,12,0.1176,chen 2019; zhu 2021
CD012067__A8,CD013414__A4,CD012067,CD013414,2,13,6,0.1176,brosnahan 2022; tame-pkd 2018
CD013051__A2,CD013054__A1,CD013051,CD013054,2,6,13,0.1176,kaygusuz 2002; ramos 2003
CD013232__A17,CD014965__A20,CD013232,CD014965,2,15,4,0.1176,marcus 2009; owen 2009
CD012712__A12,CD013827__A11,CD012712,CD013827,2,10,10,0.1111,chen 2019; zhu 2021
CD012712__A12,CD013827__A7,CD012712,CD013827,2,10,10,0.1111,chen 2019; zhu 2021
CD012067__A8,CD013414__A1,CD012067,CD013414,2,13,7,0.1111,brosnahan 2022; tame-pkd 2018
CD013232__A17,CD014965__A18,CD013232,CD014965,2,15,5,0.1111,marcus 2009; owen 2009
CD013232__A17,CD014965__A19,CD013232,CD014965,2,15,5,0.1111,marcus 2009; owen 2009
CD013232__A18,CD014965__A12,CD013232,CD014965,2,18,2,0.1111,loebel 2016; owen 2009
CD000219__A2,CD004417__A1,CD000219,CD004417,2,11,10,0.1053,little 2001; spiro 2006
CD012712__A12,CD013827__A9,CD012712,CD013827,2,10,11,0.1053,chen 2019; zhu 2021
CD013051__A1,CD013052__A3,CD013051,CD013052,2,12,9,0.1053,esposito 1990; ramos 2003
CD013232__A17,CD014965__A13,CD013232,CD014965,2,15,6,0.1053,marcus 2009; owen 2009
CD013232__A17,CD014965__A15,CD013232,CD014965,2,15,6,0.1053,marcus 2009; owen 2009
CD013232__A18,CD014965__A11,CD013232,CD014965,2,18,3,0.1053,ichikawa 2017; marcus 2009
CD013232__A18,CD014965__A23,CD013232,CD014965,2,18,3,0.1053,mccracken 2002; nct00198107
CD012712__A12,CD013827__A10,CD012712,CD013827,2,10,12,0.1,chen 2019; zhu 2021
CD012712__A12,CD013827__A8,CD012712,CD013827,2,10,12,0.1,chen 2019; zhu 2021
CD012712__A7,CD013827__A13,CD012712,CD013827,2,20,2,0.1,chen 2019; zhu 2021
CD013051__A1,CD013054__A2,CD013051,CD013054,2,12,10,0.1,kaygusuz 2002; ramos 2003
CD013232__A18,CD014965__A16,CD013232,CD014965,2,18,4,0.1,loebel 2016; nct00198107
CD013874__A8,CD015443__A1,CD013874,CD015443,2,6,16,0.1,hawker 2009; komori 2016
CD014300__A13,CD014722__A10,CD014300,CD014722,2,10,12,0.1,berger 2018; leventhal 2015
CD000219__A1,CD004417__A3,CD000219,CD004417,2,17,6,0.0952,little 2001; spiro 2006
CD012712__A10,CD013827__A13,CD012712,CD013827,2,21,2,0.0952,chen 2019; zhu 2021
CD013232__A17,CD014965__A14,CD013232,CD014965,2,15,8,0.0952,marcus 2009; owen 2009
CD013232__A17,CD014965__A24,CD013232,CD014965,2,15,8,0.0952,marcus 2009; owen 2009
CD013232__A17,CD014965__A25,CD013232,CD014965,2,15,8,0.0952,marcus 2009; owen 2009
CD013232__A17,CD014965__A26,CD013232,CD014965,2,15,8,0.0952,marcus 2009; owen 2009
CD013232__A17,CD014965__A6,CD013232,CD014965,2,15,8,0.0952,marcus 2009; owen 2009
CD008552__A2,CD008709__A2,CD008552,CD008709,2,18,6,0.0909,lee 2015; smith 2017
CD012712__A1,CD013827__A11,CD012712,CD013827,2,14,10,0.0909,chen 2019; zhu 2021
CD012712__A1,CD013827__A7,CD012712,CD013827,2,14,10,0.0909,chen 2019; zhu 2021
CD012712__A3,CD013827__A11,CD012712,CD013827,2,14,10,0.0909,chen 2019; zhu 2021
CD012712__A3,CD013827__A7,CD012712,CD013827,2,14,10,0.0909,chen 2019; zhu 2021
CD012712__A1,CD013827__A9,CD012712,CD013827,2,14,11,0.087,chen 2019; zhu 2021
CD012712__A3,CD013827__A9,CD012712,CD013827,2,14,11,0.087,chen 2019; zhu 2021
CD013051__A1,CD013054__A1,CD013051,CD013054,2,12,13,0.087,kaygusuz 2002; ramos 2003
CD013232__A17,CD014965__A5,CD013232,CD014965,2,15,10,0.087,marcus 2009; owen 2009
CD013874__A3,CD015443__A1,CD013874,CD015443,2,9,16,0.087,hawker 2009; komori 2016
CD012712__A1,CD013827__A10,CD012712,CD013827,2,14,12,0.0833,chen 2019; zhu 2021
CD012712__A1,CD013827__A8,CD012712,CD013827,2,14,12,0.0833,chen 2019; zhu 2021
CD012712__A3,CD013827__A10,CD012712,CD013827,2,14,12,0.0833,chen 2019; zhu 2021
CD012712__A3,CD013827__A8,CD012712,CD013827,2,14,12,0.0833,chen 2019; zhu 2021
CD012712__A4,CD013827__A13,CD012712,CD013827,2,24,2,0.0833,chen 2019; zhu 2021
CD013232__A17,CD014965__A7,CD013232,CD014965,2,15,11,0.0833,marcus 2009; owen 2009
CD013232__A2,CD014965__A8,CD013232,CD014965,2,22,4,0.0833,devane 2019; ghanizadeh 2014
CD013874__A8,CD015443__A2,CD013874,CD015443,2,6,20,0.0833,hawker 2009; komori 2016
CD000219__A1,CD004417__A1,CD000219,CD004417,2,17,10,0.08,little 2001; spiro 2006
CD003962__A2,CD015060__A2,CD003962,CD015060,2,20,7,0.08,chan 2003; kawasaki 2006
CD012712__A2,CD013827__A13,CD012712,CD013827,2,25,2,0.08,chen 2019; zhu 2021
CD013232__A12,CD014965__A12,CD013232,CD014965,2,25,2,0.08,loebel 2016; owen 2009
CD008063__A3,CD015673__A5,CD008063,CD015673,2,18,10,0.0769,anton 2005; de wildt 2002
CD013232__A12,CD014965__A11,CD013232,CD014965,2,25,3,0.0769,ichikawa 2017; marcus 2009
CD013232__A12,CD014965__A22,CD013232,CD014965,2,25,3,0.0769,mccracken 2002; owen 2009
CD003962__A2,CD015060__A1,CD003962,CD015060,2,20,9,0.0741,chan 2003; kawasaki 2006
CD013232__A2,CD014965__A4,CD013232,CD014965,2,22,7,0.0741,devane 2019; ghanizadeh 2014
CD013874__A3,CD015443__A2,CD013874,CD015443,2,9,20,0.0741,hawker 2009; komori 2016
CD014300__A13,CD014722__A4,CD014300,CD014722,2,10,19,0.0741,dhital 2019; dybdahl 2001
CD008063__A3,CD015673__A3,CD008063,CD015673,2,18,12,0.0714,anton 2005; de wildt 2002
CD012712__A7,CD013827__A11,CD012712,CD013827,2,20,10,0.0714,chen 2019; zhu 2021
CD012712__A7,CD013827__A7,CD012712,CD013827,2,20,10,0.0714,chen 2019; zhu 2021
CD013232__A10,CD014965__A8,CD013232,CD014965,2,26,4,0.0714,devane 2019; ghanizadeh 2014
CD013232__A2,CD014965__A6,CD013232,CD014965,2,22,8,0.0714,devane 2019; ghanizadeh 2014
CD013874__A1,CD015443__A1,CD013874,CD015443,2,14,16,0.0714,hawker 2009; komori 2016
CD014300__A13,CD014722__A7,CD014300,CD014722,2,10,20,0.0714,leventhal 2015; miller 2020
CD012712__A10,CD013827__A11,CD012712,CD013827,2,21,10,0.069,chen 2019; zhu 2021
CD012712__A10,CD013827__A7,CD012712,CD013827,2,21,10,0.069,chen 2019; zhu 2021
CD012712__A7,CD013827__A9,CD012712,CD013827,2,20,11,0.069,chen 2019; zhu 2021
CD013232__A17,CD014965__A1,CD013232,CD014965,2,15,16,0.069,marcus 2009; owen 2009
CD013232__A6,CD014965__A8,CD013232,CD014965,2,27,4,0.069,devane 2019; ghanizadeh 2014
CD013874__A2,CD015443__A1,CD013874,CD015443,2,15,16,0.069,hawker 2009; komori 2016
CD012712__A10,CD013827__A9,CD012712,CD013827,2,21,11,0.0667,chen 2019; zhu 2021
CD012712__A7,CD013827__A10,CD012712,CD013827,2,20,12,0.0667,chen 2019; zhu 2021
CD012712__A7,CD013827__A8,CD012712,CD013827,2,20,12,0.0667,chen 2019; zhu 2021
CD012067__A1,CD013414__A6,CD012067,CD013414,2,29,3,0.0667,brosnahan 2022; tame-pkd 2018
CD013232__A2,CD014965__A5,CD013232,CD014965,2,22,10,0.0667,devane 2019; ghanizadeh 2014
CD002042__A5,CD009752__A9,CD002042,CD009752,2,28,5,0.0645,cholette 2011; cholette 2017
CD003962__A4,CD015060__A2,CD003962,CD015060,2,26,7,0.0645,chan 2003; kawasaki 2006
CD012712__A10,CD013827__A10,CD012712,CD013827,2,21,12,0.0645,chen 2019; zhu 2021
CD012712__A10,CD013827__A8,CD012712,CD013827,2,21,12,0.0645,chen 2019; zhu 2021
CD013232__A10,CD014965__A4,CD013232,CD014965,2,26,7,0.0645,devane 2019; ghanizadeh 2014
CD013232__A2,CD014965__A2,CD013232,CD014965,2,22,11,0.0645,devane 2019; ghanizadeh 2014
CD013232__A2,CD014965__A3,CD013232,CD014965,2,22,11,0.0645,devane 2019; ghanizadeh 2014
CD013232__A2,CD014965__A7,CD013232,CD014965,2,22,11,0.0645,devane 2019; ghanizadeh 2014
CD002042__A5,CD009752__A10,CD002042,CD009752,2,28,6,0.0625,cholette 2011; cholette 2017
CD012712__A4,CD013827__A11,CD012712,CD013827,2,24,10,0.0625,chen 2019; zhu 2021
CD012712__A4,CD013827__A7,CD012712,CD013827,2,24,10,0.0625,chen 2019; zhu 2021
CD012067__A1,CD013414__A2,CD012067,CD013414,2,29,5,0.0625,brosnahan 2022; tame-pkd 2018
CD012067__A1,CD013414__A8,CD012067,CD013414,2,29,5,0.0625,brosnahan 2022; tame-pkd 2018
CD013232__A10,CD014965__A6,CD013232,CD014965,2,26,8,0.0625,devane 2019; ghanizadeh 2014
CD013874__A1,CD015443__A2,CD013874,CD015443,2,14,20,0.0625,hawker 2009; komori 2016
CD003962__A4,CD015060__A1,CD003962,CD015060,2,26,9,0.0606,chan 2003; kawasaki 2006
CD009749__A2,CD010001__A1,CD009749,CD010001,2,9,26,0.0606,kim 2010; singh 2021
CD012712__A2,CD013827__A11,CD012712,CD013827,2,25,10,0.0606,chen 2019; zhu 2021
CD012712__A2,CD013827__A7,CD012712,CD013827,2,25,10,0.0606,chen 2019; zhu 2021
CD012712__A4,CD013827__A9,CD012712,CD013827,2,24,11,0.0606,chen 2019; zhu 2021
CD012067__A1,CD013414__A4,CD012067,CD013414,2,29,6,0.0606,brosnahan 2022; tame-pkd 2018
CD013232__A6,CD014965__A6,CD013232,CD014965,2,27,8,0.0606,devane 2019; ghanizadeh 2014
CD013232__A6,CD014965__A24,CD013232,CD014965,2,27,8,0.0606,mccracken 2002; shea 2004
CD013232__A6,CD014965__A25,CD013232,CD014965,2,27,8,0.0606,mccracken 2002; shea 2004
CD013232__A6,CD014965__A26,CD013232,CD014965,2,27,8,0.0606,mccracken 2002; shea 2004
CD013874__A2,CD015443__A2,CD013874,CD015443,2,15,20,0.0606,hawker 2009; komori 2016
CD008552__A4,CD008709__A2,CD008552,CD008709,2,30,6,0.0588,lee 2015; smith 2017
CD012712__A2,CD013827__A9,CD012712,CD013827,2,25,11,0.0588,chen 2019; zhu 2021
CD012712__A4,CD013827__A10,CD012712,CD013827,2,24,12,0.0588,chen 2019; zhu 2021
CD012712__A4,CD013827__A8,CD012712,CD013827,2,24,12,0.0588,chen 2019; zhu 2021
CD012067__A1,CD013414__A1,CD012067,CD013414,2,29,7,0.0588,brosnahan 2022; tame-pkd 2018
CD013232__A10,CD014965__A5,CD013232,CD014965,2,26,10,0.0588,devane 2019; ghanizadeh 2014
CD013232__A13,CD014965__A5,CD013232,CD014965,2,26,10,0.0588,mccracken 2002; nct01624675
CD008552__A3,CD008709__A2,CD008552,CD008709,2,31,6,0.0571,lee 2015; smith 2017
CD011841__A2,CD013763__A9,CD011841,CD013763,2,26,11,0.0571,chen 2020; park 2021
CD009749__A7,CD010001__A1,CD009749,CD010001,2,11,26,0.0571,kim 2010; singh 2021
CD012712__A2,CD013827__A10,CD012712,CD013827,2,25,12,0.0571,chen 2019; zhu 2021
CD012712__A2,CD013827__A8,CD012712,CD013827,2,25,12,0.0571,chen 2019; zhu 2021
CD013232__A10,CD014965__A2,CD013232,CD014965,2,26,11,0.0571,devane 2019; ghanizadeh 2014
CD013232__A10,CD014965__A7,CD013232,CD014965,2,26,11,0.0571,devane 2019; ghanizadeh 2014
CD002042__A5,CD009752__A1,CD002042,CD009752,2,28,10,0.0556,cholette 2011; cholette 2017
CD006536__A18,CD012712__A4,CD006536,CD012712,2,14,24,0.0556,yang 2020; zhang 2021
CD013232__A2,CD014965__A1,CD013232,CD014965,2,22,16,0.0556,devane 2019; ghanizadeh 2014
CD013232__A6,CD014965__A2,CD013232,CD014965,2,27,11,0.0556,devane 2019; ghanizadeh 2014
CD013232__A6,CD014965__A3,CD013232,CD014965,2,27,11,0.0556,devane 2019; ghanizadeh 2014
CD009749__A2,CD010001__A3,CD009749,CD010001,2,9,30,0.0541,kim 2010; singh 2021
CD009749__A6,CD010001__A1,CD009749,CD010001,2,13,26,0.0541,kim 2010; singh 2021
CD013232__A4,CD014965__A8,CD013232,CD014965,2,35,4,0.0541,devane 2019; ghanizadeh 2014
CD011841__A2,CD013763__A8,CD011841,CD013763,2,26,15,0.0513,chen 2020; park 2021
CD003331__A7,CD013508__A1,CD003331,CD013508,2,21,20,0.0513,davidson 2010; gary 2010
CD009749__A7,CD010001__A3,CD009749,CD010001,2,11,30,0.0513,kim 2010; singh 2021
CD013232__A4,CD014965__A4,CD013232,CD014965,2,35,7,0.05,devane 2019; ghanizadeh 2014
CD009749__A6,CD010001__A3,CD009749,CD010001,2,13,30,0.0488,kim 2010; singh 2021
CD013232__A4,CD014965__A6,CD013232,CD014965,2,35,8,0.0488,devane 2019; ghanizadeh 2014
CD011841__A1,CD013763__A9,CD011841,CD013763,2,33,11,0.0476,chen 2020; park 2021
CD002042__A20,CD009752__A9,CD002042,CD009752,2,39,5,0.0476,cholette 2011; cholette 2017
CD002042__A20,CD009752__A10,CD002042,CD009752,2,39,6,0.0465,cholette 2011; cholette 2017
CD013232__A4,CD014965__A2,CD013232,CD014965,2,35,11,0.0455,devane 2019; ghanizadeh 2014
CD013232__A4,CD014965__A3,CD013232,CD014965,2,35,11,0.0455,devane 2019; ghanizadeh 2014
CD014300__A13,CD014722__A3,CD014300,CD014722,2,10,36,0.0455,berger 2018; dybdahl 2001
CD008552__A1,CD008709__A2,CD008552,CD008709,2,42,6,0.0435,lee 2015; smith 2017
CD008552__A5,CD008709__A2,CD008552,CD008709,2,42,6,0.0435,lee 2015; smith 2017
CD008552__A6,CD008709__A2,CD008552,CD008709,2,42,6,0.0435,lee 2015; smith 2017
CD011841__A1,CD013763__A8,CD011841,CD013763,2,33,15,0.0435,chen 2020; park 2021
CD011841__A3,CD013763__A11,CD011841,CD013763,2,17,31,0.0435,arora 2019; park 2021
CD002042__A7,CD009752__A9,CD002042,CD009752,2,43,5,0.0435,cholette 2011; cholette 2017
CD008552__A1,CD015326__A28,CD008552,CD015326,2,42,6,0.0435,kobel 2019; ward 2020
CD008552__A1,CD015326__A29,CD008552,CD015326,2,42,6,0.0435,kobel 2019; ward 2020
CD008552__A1,CD015326__A30,CD008552,CD015326,2,42,6,0.0435,kobel 2019; ward 2020
CD008552__A1,CD015326__A38,CD008552,CD015326,2,42,6,0.0435,kobel 2019; ward 2020
CD008552__A5,CD015326__A28,CD008552,CD015326,2,42,6,0.0435,kobel 2019; ward 2020
CD008552__A5,CD015326__A29,CD008552,CD015326,2,42,6,0.0435,kobel 2019; ward 2020
CD008552__A5,CD015326__A30,CD008552,CD015326,2,42,6,0.0435,kobel 2019; ward 2020
CD008552__A5,CD015326__A38,CD008552,CD015326,2,42,6,0.0435,kobel 2019; ward 2020
CD008552__A6,CD015326__A28,CD008552,CD015326,2,42,6,0.0435,kobel 2019; ward 2020
CD008552__A6,CD015326__A29,CD008552,CD015326,2,42,6,0.0435,kobel 2019; ward 2020
CD008552__A6,CD015326__A30,CD008552,CD015326,2,42,6,0.0435,kobel 2019; ward 2020
CD008552__A6,CD015326__A38,CD008552,CD015326,2,42,6,0.0435,kobel 2019; ward 2020
CD002042__A20,CD009752__A1,CD002042,CD009752,2,39,10,0.0426,cholette 2011; cholette 2017
CD002042__A7,CD009752__A10,CD002042,CD009752,2,43,6,0.0426,cholette 2011; cholette 2017
CD013232__A15,CD014965__A11,CD013232,CD014965,2,46,3,0.0426,ichikawa 2017; marcus 2009
CD013232__A15,CD014965__A27,CD013232,CD014965,2,46,4,0.0417,ichikawa 2017; marcus 2009
CD013232__A15,CD014965__A9,CD013232,CD014965,2,46,4,0.0417,ichikawa 2017; marcus 2009
CD009749__A2,CD010001__A4,CD009749,CD010001,2,9,42,0.0408,kim 2010; singh 2021
CD008552__A1,CD015326__A8,CD008552,CD015326,2,42,9,0.0408,kobel 2019; ward 2020
CD008552__A5,CD015326__A8,CD008552,CD015326,2,42,9,0.0408,kobel 2019; ward 2020
CD008552__A6,CD015326__A8,CD008552,CD015326,2,42,9,0.0408,kobel 2019; ward 2020
CD002042__A9,CD009752__A9,CD002042,CD009752,2,47,5,0.04,cholette 2011; cholette 2017
CD008165__A1,CD016064__A3,CD008165,CD016064,2,8,44,0.04,crotty 2004a; crotty 2004b
CD013232__A15,CD014965__A13,CD013232,CD014965,2,46,6,0.04,ichikawa 2017; marcus 2009
CD002042__A4,CD009752__A9,CD002042,CD009752,2,48,5,0.0392,cholette 2011; cholette 2017
CD002042__A7,CD009752__A1,CD002042,CD009752,2,43,10,0.0392,cholette 2011; cholette 2017
CD002042__A9,CD009752__A10,CD002042,CD009752,2,47,6,0.0392,cholette 2011; cholette 2017
CD003331__A8,CD013508__A1,CD003331,CD013508,2,33,20,0.0392,davidson 2010; gary 2010
CD009749__A7,CD010001__A4,CD009749,CD010001,2,11,42,0.0392,kim 2010; singh 2021
CD013232__A15,CD014965__A4,CD013232,CD014965,2,46,7,0.0392,ichikawa 2017; marcus 2009
CD002042__A4,CD009752__A10,CD002042,CD009752,2,48,6,0.0385,cholette 2011; cholette 2017
CD003331__A1,CD013508__A1,CD003331,CD013508,2,34,20,0.0385,davidson 2010; gary 2010
CD013232__A15,CD014965__A14,CD013232,CD014965,2,46,8,0.0385,ichikawa 2017; marcus 2009
CD013232__A15,CD014965__A24,CD013232,CD014965,2,46,8,0.0385,ichikawa 2017; marcus 2009
CD013232__A15,CD014965__A25,CD013232,CD014965,2,46,8,0.0385,ichikawa 2017; marcus 2009
CD013232__A15,CD014965__A26,CD013232,CD014965,2,46,8,0.0385,ichikawa 2017; marcus 2009
CD013232__A15,CD014965__A6,CD013232,CD014965,2,46,8,0.0385,ichikawa 2017; marcus 2009
CD013232__A9,CD014965__A12,CD013232,CD014965,2,52,2,0.0385,loebel 2016; owen 2009
CD002042__A8,CD009752__A9,CD002042,CD009752,2,50,5,0.0377,cholette 2011; cholette 2017
CD009749__A6,CD010001__A4,CD009749,CD010001,2,13,42,0.0377,kim 2010; singh 2021
CD013232__A9,CD014965__A22,CD013232,CD014965,2,52,3,0.0377,mccracken 2002; owen 2009
CD002042__A6,CD009752__A9,CD002042,CD009752,2,51,5,0.037,cholette 2011; cholette 2017
CD002042__A8,CD009752__A10,CD002042,CD009752,2,50,6,0.037,cholette 2011; cholette 2017
CD013232__A15,CD014965__A5,CD013232,CD014965,2,46,10,0.037,ichikawa 2017; marcus 2009
CD013232__A9,CD014965__A8,CD013232,CD014965,2,52,4,0.037,devane 2019; ghanizadeh 2014
CD013232__A7,CD014965__A12,CD013232,CD014965,2,54,2,0.037,loebel 2016; owen 2009
CD002042__A6,CD009752__A10,CD002042,CD009752,2,51,6,0.0364,cholette 2011; cholette 2017
CD002042__A9,CD009752__A1,CD002042,CD009752,2,47,10,0.0364,cholette 2011; cholette 2017
CD013232__A15,CD014965__A7,CD013232,CD014965,2,46,11,0.0364,ichikawa 2017; marcus 2009
CD013232__A7,CD014965__A10,CD013232,CD014965,2,54,3,0.0364,ghanizadeh 2014; mcdougle 1998
CD013232__A7,CD014965__A22,CD013232,CD014965,2,54,3,0.0364,mccracken 2002; owen 2009
CD013232__A8,CD014965__A12,CD013232,CD014965,2,55,2,0.0364,loebel 2016; owen 2009
CD002042__A4,CD009752__A1,CD002042,CD009752,2,48,10,0.0357,cholette 2011; cholette 2017
CD011535__A3,CD014741__A3,CD011535,CD014741,2,28,30,0.0357,bachelez 2015; torii 2010
CD013232__A8,CD014965__A11,CD013232,CD014965,2,55,3,0.0357,ghanizadeh 2014; marcus 2009
CD013232__A7,CD014965__A8,CD013232,CD014965,2,54,4,0.0357,ghanizadeh 2014; mcdougle 1998
CD013232__A8,CD014965__A22,CD013232,CD014965,2,55,3,0.0357,mccracken 2002; owen 2009
CD013232__A14,CD014965__A12,CD013232,CD014965,2,56,2,0.0357,loebel 2016; owen 2009
CD013232__A5,CD014965__A8,CD013232,CD014965,2,54,4,0.0357,devane 2019; mcdougle 1998
CD006536__A1,CD012712__A4,CD006536,CD012712,2,35,24,0.0351,yang 2020; zhang 2021
CD013232__A14,CD014965__A11,CD013232,CD014965,2,56,3,0.0351,ichikawa 2017; marcus 2009
CD013232__A8,CD014965__A27,CD013232,CD014965,2,55,4,0.0351,loebel 2016; marcus 2009
CD013232__A8,CD014965__A9,CD013232,CD014965,2,55,4,0.0351,ghanizadeh 2014; marcus 2009
CD013232__A14,CD014965__A22,CD013232,CD014965,2,56,3,0.0351,mccracken 2002; owen 2009
CD013614__A14,CD014741__A4,CD013614,CD014741,2,17,42,0.0351,mease 2000; mease 2004
CD002042__A8,CD009752__A1,CD002042,CD009752,2,50,10,0.0345,cholette 2011; cholette 2017
CD013232__A14,CD014965__A9,CD013232,CD014965,2,56,4,0.0345,ichikawa 2017; marcus 2009
CD013232__A16,CD014965__A22,CD013232,CD014965,2,57,3,0.0345,mccracken 2002; owen 2009
CD013614__A15,CD014741__A4,CD013614,CD014741,2,18,42,0.0345,mease 2000; mease 2004
CD002042__A6,CD009752__A1,CD002042,CD009752,2,51,10,0.0339,cholette 2011; cholette 2017
CD013232__A16,CD014965__A20,CD013232,CD014965,2,57,4,0.0339,marcus 2009; owen 2009
CD013232__A16,CD014965__A9,CD013232,CD014965,2,57,4,0.0339,marcus 2009; mcdougle 1998
CD013232__A5,CD014965__A4,CD013232,CD014965,2,54,7,0.0339,devane 2019; mcdougle 1998
CD013614__A16,CD014741__A4,CD013614,CD014741,2,19,42,0.0339,mease 2000; mease 2004
CD002042__A1,CD009752__A9,CD002042,CD009752,2,57,5,0.0333,cholette 2011; cholette 2017
CD002042__A2,CD009752__A9,CD002042,CD009752,2,57,5,0.0333,cholette 2011; cholette 2017
CD006919__A3,CD012586__A4,CD006919,CD012586,2,26,36,0.0333,sunkara 2014; tan 1992
CD013232__A15,CD014965__A1,CD013232,CD014965,2,46,16,0.0333,ichikawa 2017; marcus 2009
CD013232__A5,CD014965__A6,CD013232,CD014965,2,54,8,0.0333,devane 2019; mcdougle 1998
CD001431__A6,CD013822__A7,CD001431,CD013822,2,58,5,0.0328,mathieu 2007; schapira 2019
CD002042__A1,CD009752__A10,CD002042,CD009752,2,57,6,0.0328,cholette 2011; cholette 2017
CD002042__A2,CD009752__A10,CD002042,CD009752,2,57,6,0.0328,cholette 2011; cholette 2017
CD013232__A16,CD014965__A13,CD013232,CD014965,2,57,6,0.0328,marcus 2009; owen 2009
CD001431__A6,CD013822__A4,CD001431,CD013822,2,58,6,0.0323,mathieu 2007; schapira 2019
CD013232__A5,CD014965__A5,CD013232,CD014965,2,54,10,0.0323,devane 2019; mcdougle 1998
CD013614__A1,CD014741__A4,CD013614,CD014741,2,22,42,0.0323,mease 2000; mease 2004
CD013614__A14,CD014741__A5,CD013614,CD014741,2,17,47,0.0323,mease 2000; mease 2004
CD006023__A11,CD014758__A2,CD006023,CD014758,2,13,52,0.0317,chen 2023; liu 2024
CD013232__A3,CD014965__A11,CD013232,CD014965,2,62,3,0.0317,ghanizadeh 2014; marcus 2009
CD013232__A3,CD014965__A22,CD013232,CD014965,2,62,3,0.0317,mccracken 2002; owen 2009
CD013232__A5,CD014965__A2,CD013232,CD014965,2,54,11,0.0317,devane 2019; mcdougle 1998
CD013232__A5,CD014965__A3,CD013232,CD014965,2,54,11,0.0317,devane 2019; mcdougle 1998
CD013232__A5,CD014965__A7,CD013232,CD014965,2,54,11,0.0317,devane 2019; mcdougle 1998
CD013614__A15,CD014741__A5,CD013614,CD014741,2,18,47,0.0317,mease 2000; mease 2004
CD001431__A6,CD013822__A1,CD001431,CD013822,2,58,8,0.0312,mathieu 2007; schapira 2019
CD012712__A1,CD014758__A2,CD012712,CD014758,2,14,52,0.0312,zhu 2021; zhu 2022
CD012712__A3,CD014758__A2,CD012712,CD014758,2,14,52,0.0312,zhu 2021; zhu 2022
CD013232__A3,CD014965__A20,CD013232,CD014965,2,62,4,0.0312,marcus 2009; owen 2009
CD013232__A3,CD014965__A9,CD013232,CD014965,2,62,4,0.0312,ghanizadeh 2014; marcus 2009
CD013232__A3,CD014965__A8,CD013232,CD014965,2,62,4,0.0312,devane 2019; ghanizadeh 2014
CD013614__A16,CD014741__A5,CD013614,CD014741,2,19,47,0.0312,mease 2000; mease 2004
CD002042__A1,CD009752__A1,CD002042,CD009752,2,57,10,0.0308,cholette 2011; cholette 2017
CD002042__A2,CD009752__A1,CD002042,CD009752,2,57,10,0.0308,cholette 2011; cholette 2017
CD012712__A6,CD014758__A2,CD012712,CD014758,2,15,52,0.0308,zhu 2021; zhu 2022
CD013232__A14,CD014965__A2,CD013232,CD014965,2,56,11,0.0308,loebel 2016; marcus 2009
CD013232__A14,CD014965__A3,CD013232,CD014965,2,56,11,0.0308,loebel 2016; marcus 2009
CD013232__A16,CD014965__A2,CD013232,CD014965,2,57,11,0.0303,marcus 2009; mcdougle 1998
CD013232__A16,CD014965__A3,CD013232,CD014965,2,57,11,0.0303,marcus 2009; mcdougle 1998
CD013232__A3,CD014965__A13,CD013232,CD014965,2,62,6,0.0303,marcus 2009; owen 2009
CD008165__A1,CD016064__A2,CD008165,CD016064,2,8,61,0.0299,crotty 2004a; crotty 2004b
CD013614__A1,CD014741__A5,CD013614,CD014741,2,22,47,0.0299,mease 2000; mease 2004
CD013232__A5,CD014965__A1,CD013232,CD014965,2,54,16,0.0294,devane 2019; mcdougle 1998
CD015014__A17,CD016064__A1,CD015014,CD016064,2,2,68,0.0294,man 2020; rubenstein 1990
CD006919__A4,CD012586__A4,CD006919,CD012586,2,36,36,0.0286,sunkara 2014; tan 1992
CD012712__A7,CD014758__A2,CD012712,CD014758,2,20,52,0.0286,zhu 2021; zhu 2022
CD011841__A2,CD013763__A2,CD011841,CD013763,2,26,47,0.0282,chen 2020; park 2021
CD012712__A10,CD014758__A2,CD012712,CD014758,2,21,52,0.0282,zhu 2021; zhu 2022
CD012712__A5,CD014758__A2,CD012712,CD014758,2,21,52,0.0282,zhu 2021; zhu 2022
CD006023__A17,CD008349__A8,CD006023,CD008349,2,20,55,0.0274,lee 2013; song 2014
CD014964__A7,CD015328__A5,CD014964,CD015328,2,32,43,0.0274,li 2019; wang 2012
CD002290__A1,CD003594__A2,CD002290,CD003594,2,55,21,0.027,iskdc 1970; ravani 2020
CD012712__A4,CD014758__A2,CD012712,CD014758,2,24,52,0.027,zhu 2021; zhu 2022
CD010216__A3,CD015120__A1,CD010216,CD015120,2,31,46,0.0267,hajek 2019; walker 2020
CD012712__A2,CD014758__A2,CD012712,CD014758,2,25,52,0.0267,zhu 2021; zhu 2022
CD013232__A1,CD014965__A12,CD013232,CD014965,2,76,2,0.0263,loebel 2016; owen 2009
CD013232__A1,CD014965__A10,CD013232,CD014965,2,76,3,0.026,ghanizadeh 2014; mcdougle 1998
CD013232__A1,CD014965__A23,CD013232,CD014965,2,76,3,0.026,mccracken 2002; nct00198107
CD011841__A1,CD013763__A2,CD011841,CD013763,2,33,47,0.0256,chen 2020; park 2021
CD013232__A1,CD014965__A16,CD013232,CD014965,2,76,4,0.0256,loebel 2016; nct00198107
CD001155__A2,CD003376__A1,CD001155,CD003376,2,69,15,0.0244,iwamoto 2005; russo 1996
CD006023__A19,CD008349__A8,CD006023,CD008349,2,29,55,0.0244,lee 2013; song 2014
CD006023__A11,CD014758__A1,CD006023,CD014758,2,13,75,0.0233,chen 2023; liu 2024
CD012712__A1,CD014758__A1,CD012712,CD014758,2,14,75,0.023,zhu 2021; zhu 2022
CD012712__A3,CD014758__A1,CD012712,CD014758,2,14,75,0.023,zhu 2021; zhu 2022
CD012186__A1,CD015443__A3,CD012186,CD015443,2,85,5,0.0227,informs 2016; nasp 2004
CD012712__A6,CD014758__A1,CD012712,CD014758,2,15,75,0.0227,zhu 2021; zhu 2022
CD006185__A3,CD008349__A9,CD006185,CD008349,2,78,13,0.0225,lee 2019; park 2018
CD012186__A1,CD013874__A6,CD012186,CD013874,2,85,6,0.0225,cheshmavar 2021; hauser 2008
CD012186__A1,CD013874__A5,CD012186,CD013874,2,85,7,0.0222,cheshmavar 2021; hauser 2008
CD015014__A32,CD016064__A1,CD015014,CD016064,2,24,68,0.0222,man 2020; rubenstein 1990
CD015014__A33,CD016064__A1,CD015014,CD016064,2,24,68,0.0222,man 2020; rubenstein 1990
CD015014__A34,CD016064__A1,CD015014,CD016064,2,24,68,0.0222,man 2020; rubenstein 1990
CD008063__A1,CD015673__A5,CD008063,CD015673,2,83,10,0.022,anton 2005; de wildt 2002
CD012186__A1,CD013874__A3,CD012186,CD013874,2,85,9,0.0217,cheshmavar 2021; hauser 2008
CD008063__A1,CD015673__A3,CD008063,CD015673,2,83,12,0.0215,anton 2005; de wildt 2002
CD012186__A1,CD013874__A4,CD012186,CD013874,2,85,10,0.0215,cheshmavar 2021; hauser 2008
CD012712__A7,CD014758__A1,CD012712,CD014758,2,20,75,0.0215,zhu 2021; zhu 2022
CD001920__A7,CD016002__A13,CD001920,CD016002,2,83,13,0.0213,aravind 2022; richards 1993
CD001920__A5,CD016002__A21,CD001920,CD016002,2,94,2,0.0213,aravind 2022; duncan 2003
CD012712__A10,CD014758__A1,CD012712,CD014758,2,21,75,0.0213,zhu 2021; zhu 2022
CD012712__A5,CD014758__A1,CD012712,CD014758,2,21,75,0.0213,zhu 2021; zhu 2022
CD001920__A5,CD016002__A4,CD001920,CD016002,2,94,3,0.0211,aravind 2022; langhammer 2007
CD001920__A5,CD016002__A19,CD001920,CD016002,2,94,3,0.0211,aravind 2022; duncan 2003
CD004376__A6,CD013342__A1,CD004376,CD013342,2,74,23,0.0211,chen 2021; lee 2019
CD004376__A6,CD013342__A2,CD004376,CD013342,2,74,23,0.0211,chen 2021; lee 2019
CD001431__A5,CD013822__A7,CD001431,CD013822,2,94,5,0.0206,mathieu 2007; schapira 2019
CD001920__A7,CD016002__A16,CD001920,CD016002,2,83,16,0.0206,aravind 2022; richards 1993
CD001920__A5,CD016002__A7,CD001920,CD016002,2,94,5,0.0206,duncan 2003; letombe 2010
CD001920__A5,CD016002__A24,CD001920,CD016002,2,94,5,0.0206,aravind 2022; duncan 2003
CD012186__A1,CD013874__A1,CD012186,CD013874,2,85,14,0.0206,cheshmavar 2021; hauser 2008
CD012712__A4,CD014758__A1,CD012712,CD014758,2,24,75,0.0206,zhu 2021; zhu 2022
CD001431__A5,CD013822__A4,CD001431,CD013822,2,94,6,0.0204,mathieu 2007; schapira 2019
CD001920__A5,CD016002__A18,CD001920,CD016002,2,94,6,0.0204,aravind 2022; duncan 2003
CD012186__A1,CD013874__A2,CD012186,CD013874,2,85,15,0.0204,cheshmavar 2021; hauser 2008
CD012712__A2,CD014758__A1,CD012712,CD014758,2,25,75,0.0204,zhu 2021; zhu 2022
CD001431__A5,CD013822__A1,CD001431,CD013822,2,94,8,0.02,mathieu 2007; schapira 2019
CD006919__A3,CD012586__A2,CD006919,CD012586,2,26,76,0.02,sunkara 2014; tan 1992
CD006185__A3,CD008349__A11,CD006185,CD008349,2,78,26,0.0196,lee 2019; park 2018
CD014964__A1,CD015328__A5,CD014964,CD015328,2,62,43,0.0194,li 2019; wang 2012
CD014964__A2,CD015328__A5,CD014964,CD015328,2,63,43,0.0192,li 2019; wang 2012
CD014964__A4,CD015328__A5,CD014964,CD015328,2,63,43,0.0192,li 2019; wang 2012
CD012186__A2,CD015443__A9,CD012186,CD015443,2,105,2,0.019,impact 2002; oratorio 2017
CD014964__A3,CD015328__A5,CD014964,CD015328,2,64,43,0.019,li 2019; wang 2012
CD014964__A5,CD015328__A5,CD014964,CD015328,2,64,43,0.019,li 2019; wang 2012
CD006023__A4,CD014758__A2,CD006023,CD014758,2,56,52,0.0189,chen 2023; liu 2024
CD006023__A5,CD014758__A2,CD006023,CD014758,2,56,52,0.0189,chen 2023; liu 2024
CD001431__A4,CD013822__A7,CD001431,CD013822,2,104,5,0.0187,mathieu 2007; schapira 2019
CD004376__A4,CD013342__A1,CD004376,CD013342,2,86,23,0.0187,chen 2021; lee 2019
CD004376__A4,CD013342__A2,CD004376,CD013342,2,86,23,0.0187,chen 2021; lee 2019
CD001920__A5,CD016002__A16,CD001920,CD016002,2,94,16,0.0185,aravind 2022; duncan 1998
CD012186__A2,CD013874__A6,CD012186,CD013874,2,105,6,0.0183,cheshmavar 2021; hauser 2008
CD001431__A4,CD013822__A1,CD001431,CD013822,2,104,8,0.0182,mathieu 2007; schapira 2019
CD006919__A4,CD012586__A2,CD006919,CD012586,2,36,76,0.0182,sunkara 2014; tan 1992
CD012186__A2,CD013874__A5,CD012186,CD013874,2,105,7,0.0182,cheshmavar 2021; hauser 2008
CD006185__A7,CD008349__A9,CD006185,CD008349,2,101,13,0.0179,lee 2019; park 2018
CD006185__A8,CD008349__A9,CD006185,CD008349,2,101,13,0.0179,lee 2019; park 2018
CD006023__A6,CD014758__A2,CD006023,CD014758,2,62,52,0.0179,chen 2023; liu 2024
CD012186__A2,CD013874__A3,CD012186,CD013874,2,105,9,0.0179,cheshmavar 2021; hauser 2008
CD001920__A6,CD016002__A21,CD001920,CD016002,2,113,2,0.0177,aravind 2022; duncan 2003
CD012186__A2,CD013874__A4,CD012186,CD013874,2,105,10,0.0177,cheshmavar 2021; hauser 2008
CD001920__A6,CD016002__A19,CD001920,CD016002,2,113,3,0.0175,aravind 2022; duncan 2003
CD006023__A6,CD008349__A8,CD006023,CD008349,2,62,55,0.0174,lee 2013; song 2014
CD001920__A6,CD016002__A7,CD001920,CD016002,2,113,5,0.0172,duncan 2003; letombe 2010
CD001920__A6,CD016002__A24,CD001920,CD016002,2,113,5,0.0172,aravind 2022; duncan 2003
CD001920__A6,CD016002__A18,CD001920,CD016002,2,113,6,0.0171,aravind 2022; duncan 2003
CD004376__A3,CD013342__A1,CD004376,CD013342,2,96,23,0.0171,chen 2021; lee 2019
CD004376__A3,CD013342__A2,CD004376,CD013342,2,96,23,0.0171,chen 2021; lee 2019
CD012186__A2,CD013874__A1,CD012186,CD013874,2,105,14,0.0171,cheshmavar 2021; hauser 2008
CD001920__A1,CD016002__A21,CD001920,CD016002,2,118,2,0.0169,aravind 2022; duncan 2003
CD012186__A2,CD013874__A2,CD012186,CD013874,2,105,15,0.0169,cheshmavar 2021; hauser 2008
CD001920__A1,CD016002__A4,CD001920,CD016002,2,118,3,0.0168,aravind 2022; langhammer 2007
CD001920__A1,CD016002__A19,CD001920,CD016002,2,118,3,0.0168,aravind 2022; duncan 2003
CD001920__A1,CD016002__A7,CD001920,CD016002,2,118,5,0.0165,duncan 2003; letombe 2010
CD001920__A1,CD016002__A24,CD001920,CD016002,2,118,5,0.0165,aravind 2022; duncan 2003
CD001920__A1,CD016002__A18,CD001920,CD016002,2,118,6,0.0164,aravind 2022; duncan 2003
CD006023__A1,CD014758__A2,CD006023,CD014758,2,73,52,0.0163,chen 2023; liu 2024
CD001920__A2,CD016002__A21,CD001920,CD016002,2,124,2,0.0161,aravind 2022; duncan 2003
CD001920__A2,CD016002__A4,CD001920,CD016002,2,124,3,0.016,aravind 2022; langhammer 2007
CD001920__A2,CD016002__A19,CD001920,CD016002,2,124,3,0.016,aravind 2022; duncan 2003
CD006185__A7,CD008349__A11,CD006185,CD008349,2,101,26,0.016,lee 2019; park 2018
CD006185__A8,CD008349__A11,CD006185,CD008349,2,101,26,0.016,lee 2019; park 2018
CD008063__A1,CD011866__A1,CD008063,CD011866,2,83,45,0.0159,marsden 2006; stein 2009
CD001920__A6,CD016002__A16,CD001920,CD016002,2,113,16,0.0157,aravind 2022; duncan 1998
CD001920__A2,CD016002__A7,CD001920,CD016002,2,124,5,0.0157,duncan 2003; letombe 2010
CD001920__A2,CD016002__A24,CD001920,CD016002,2,124,5,0.0157,aravind 2022; duncan 2003
CD001920__A2,CD016002__A18,CD001920,CD016002,2,124,6,0.0156,aravind 2022; duncan 2003
CD001920__A1,CD016002__A13,CD001920,CD016002,2,118,13,0.0155,aravind 2022; richards 1993
CD006023__A4,CD014758__A1,CD006023,CD014758,2,56,75,0.0155,chen 2023; liu 2024
CD006023__A5,CD014758__A1,CD006023,CD014758,2,56,75,0.0155,chen 2023; liu 2024
CD001920__A3,CD016002__A21,CD001920,CD016002,2,130,2,0.0154,aravind 2022; duncan 2003
CD001920__A3,CD016002__A4,CD001920,CD016002,2,130,3,0.0153,aravind 2022; langhammer 2007
CD001920__A3,CD016002__A19,CD001920,CD016002,2,130,3,0.0153,aravind 2022; duncan 2003
CD001920__A3,CD016002__A7,CD001920,CD016002,2,130,5,0.015,duncan 2003; letombe 2010
CD001920__A3,CD016002__A14,CD001920,CD016002,2,130,5,0.015,duncan 2003; knox 2018
CD001920__A3,CD016002__A24,CD001920,CD016002,2,130,5,0.015,aravind 2022; duncan 2003
CD001920__A3,CD016001__A16,CD001920,CD016001,2,130,5,0.015,arabzadeh 2018; knox 2018
CD001920__A3,CD016002__A18,CD001920,CD016002,2,130,6,0.0149,aravind 2022; duncan 2003
CD001920__A2,CD016002__A13,CD001920,CD016002,2,124,13,0.0148,aravind 2022; richards 1993
CD006023__A6,CD014758__A1,CD006023,CD014758,2,62,75,0.0148,chen 2023; liu 2024
CD012586__A1,CD013827__A14,CD012586,CD013827,2,134,4,0.0147,begueria 2019; giles 2021
CD012586__A1,CD013827__A7,CD012586,CD013827,2,134,10,0.0141,begueria 2019; yu 2018
CD004376__A2,CD013342__A1,CD004376,CD013342,2,123,23,0.0139,chen 2021; lee 2019
CD004376__A2,CD013342__A2,CD004376,CD013342,2,123,23,0.0139,chen 2021; lee 2019
CD006023__A1,CD014758__A1,CD006023,CD014758,2,73,75,0.0137,chen 2023; liu 2024
CD001920__A4,CD016002__A21,CD001920,CD016002,2,147,2,0.0136,aravind 2022; duncan 2003
CD006185__A2,CD014758__A1,CD006185,CD014758,2,74,75,0.0136,lee 2022; zhang 2023
CD001920__A4,CD016002__A4,CD001920,CD016002,2,147,3,0.0135,aravind 2022; langhammer 2007
CD001920__A4,CD016002__A19,CD001920,CD016002,2,147,3,0.0135,aravind 2022; duncan 2003
CD001920__A4,CD016002__A7,CD001920,CD016002,2,147,5,0.0133,duncan 2003; letombe 2010
CD001920__A4,CD016002__A14,CD001920,CD016002,2,147,5,0.0133,duncan 2003; knox 2018
CD001920__A4,CD016002__A24,CD001920,CD016002,2,147,5,0.0133,aravind 2022; duncan 2003
CD004376__A5,CD013342__A1,CD004376,CD013342,2,129,23,0.0133,chen 2021; lee 2019
CD004376__A5,CD013342__A2,CD004376,CD013342,2,129,23,0.0133,chen 2021; lee 2019
CD001920__A4,CD016002__A18,CD001920,CD016002,2,147,6,0.0132,aravind 2022; duncan 2003
CD001920__A4,CD016001__A13,CD001920,CD016001,2,147,6,0.0132,knox 2018; signal 2014
CD006185__A3,CD014758__A1,CD006185,CD014758,2,78,75,0.0132,lee 2022; zhang 2023
CD001920__A3,CD016001__A1,CD001920,CD016001,2,130,24,0.0132,arabzadeh 2018; knox 2018
CD001920__A4,CD016001__A17,CD001920,CD016001,2,147,8,0.0131,knox 2018; park 2021
CD004376__A1,CD013342__A1,CD004376,CD013342,2,133,23,0.013,chen 2021; lee 2019
CD004376__A1,CD013342__A2,CD004376,CD013342,2,133,23,0.013,chen 2021; lee 2019
CD001920__A4,CD016002__A17,CD001920,CD016002,2,147,10,0.0129,knox 2018; yang 2006
CD001920__A4,CD008349__A9,CD001920,CD008349,2,147,13,0.0127,kim 2012a; song 2015
CD004376__A4,CD006185__A3,CD004376,CD006185,2,86,78,0.0123,kim 2020; lee 2019
CD001431__A2,CD013822__A7,CD001431,CD013822,2,161,5,0.0122,mathieu 2007; schapira 2019
CD001431__A2,CD013822__A1,CD001431,CD013822,2,161,8,0.012,mathieu 2007; schapira 2019
CD001431__A3,CD013822__A7,CD001431,CD013822,2,167,5,0.0118,mathieu 2007; schapira 2019
CD001431__A1,CD013822__A7,CD001431,CD013822,2,170,5,0.0116,mathieu 2007; schapira 2019
CD001431__A3,CD013822__A1,CD001431,CD013822,2,167,8,0.0116,mathieu 2007; schapira 2019
CD004376__A6,CD006185__A7,CD004376,CD006185,2,74,101,0.0116,chang 2012; lee 2019
CD004376__A6,CD006185__A8,CD004376,CD006185,2,74,101,0.0116,chang 2012; lee 2019
CD006185__A7,CD014758__A1,CD006185,CD014758,2,101,75,0.0115,lee 2022; zhang 2023
CD006185__A8,CD014758__A1,CD006185,CD014758,2,101,75,0.0115,lee 2022; zhang 2023
CD011689__A1,CD012586__A1,CD011689,CD012586,2,42,134,0.0115,liu 2020; ng 2001
CD001431__A1,CD013822__A1,CD001431,CD013822,2,170,8,0.0114,mathieu 2007; schapira 2019
CD004376__A3,CD006185__A7,CD004376,CD006185,2,96,101,0.0103,lee 2019; lu 2017
CD004376__A3,CD006185__A8,CD004376,CD006185,2,96,101,0.0103,lee 2019; lu 2017
CD004376__A2,CD006185__A3,CD004376,CD006185,2,123,78,0.0101,kim 2020; lee 2019
CD004376__A5,CD006185__A3,CD004376,CD006185,2,129,78,0.0098,kim 2020; lee 2019
CD011689__A3,CD012586__A1,CD011689,CD012586,2,80,134,0.0094,liu 2020; ng 2001
CD011689__A6,CD012586__A1,CD011689,CD012586,2,81,134,0.0094,liu 2020; ng 2001
CD011689__A2,CD012586__A1,CD011689,CD012586,2,84,134,0.0093,liu 2020; ng 2001
CD011689__A8,CD012586__A1,CD011689,CD012586,2,88,134,0.0091,liu 2020; ng 2001
CD011689__A7,CD012586__A1,CD011689,CD012586,2,98,134,0.0087,liu 2020; ng 2001
